,name,gender_predicted,accuracy
0,denise,female,98
1,leighton,male,92
2,frankie,male,80
3,tech,male,92
4,hani,male,84
5,jamie,male,62
6,colchester,male,100
7,ig,male,85
8,poupouch,female,75
9,karen,female,96
10,archana,female,98
11,dulce,female,98
12,ana,female,97
13,ana,female,97
14,stephen,male,99
15,ana,female,97
16,choice,female,100
17,ana,female,97
18,unknown,male,100
19,ana,female,97
20,srt,male,79
21,miamia,female,93
22,lokesh,male,100
23,juventus,male,95
24,eleonora,female,99
25,temple,female,100
26,paul,male,99
27,jo,male,60
28,che,male,71
29,spain,male,83
30,yunier,male,98
31,jill,female,97
32,sam,male,85
33,rissa,female,94
34,florence,female,97
35,cc,male,55
36,bitrix,female,67
37,saml,male,92
38,parag,male,100
39,com,male,79
40,andrew,male,99
41,gabriel,male,99
42,jai,male,91
43,blacklisted,male,100
44,jake,male,98
45,andrew,male,99
46,galang,male,97
47,kor,male,88
48,anele,male,57
49,ardea,female,71
50,superhero,male,98
51,brian,male,99
52,van,male,74
53,anna,female,98
54,dilip,male,99
55,ben,male,97
56,emily,female,98
57,nora,female,97
58,faith,female,100
59,ghosty,male,78
60,nyc,male,74
61,is,male,71
62,mark,male,100
63,justin,male,98
64,mga,male,84
65,bryan,male,99
66,intel,male,92
67,sfdb,male,75
68,gift,female,100
69,vamos,male,88
70,samoht,male,95
71,maitreya,male,82
72,michael,male,99
73,kruno,male,100
74,claire,female,98
75,cristiano,male,99
76,karen,female,96
77,tuba,female,97
78,samy,male,88
79,com,male,79
80,ben,male,97
81,terai,male,73
82,master,male,100
83,david,male,99
84,faraz,male,98
85,graf,male,91
86,jacob,male,99
87,kid,male,90
88,nupur,female,94
89,adefunmiloye,male,75
90,gurlal,male,97
91,moof,male,90
92,bushy,male,69
93,navigator,male,99
94,kobi,male,90
95,rohit,male,100
96,cinema,male,73
97,peyote,male,73
98,justin,male,98
99,sharon,female,96
100,martha,female,97
101,paused,male,100
102,artur,male,99
103,sarah,female,98
104,shugar,female,52
105,christo,male,98
106,kaze,male,82
107,uncan,male,99d
108,scrabble,male,86
109,german,male,100
110,demola,male,98
111,vman,male,100
112,andrew,male,99
113,bedford,male,84
114,aerg,male,69
115,gindy,male,52
116,tek,male,88
117,brian,male,99
118,ballout,male,63
119,heike,female,98
120,nickg,male,100
121,carlover,male,75
122,angie,female,98
123,vandana,female,98
124,com,male,79
125,janet,female,98
126,uk,male,84
127,die,male,66
128,dr,male,91
129,nelima,female,100
130,bw,male,83
131,richie,male,97
132,brent,male,100
133,jonnathan,male,100
134,sarah,female,98
135,amber,female,97
136,new,male,71
137,cozumel,male,71
138,tf,male,78
139,tek,male,88
140,lilannie,female,75
141,oswaldo,male,100
142,amber,female,97
143,sajidali,male,95
144,baby,male,100
145,thomas,male,99
146,paused,male,100
147,rebel,female,100
148,glow,female,62
149,bozbici,female,75
150,irv,male,98
151,tidd,male,100
152,anna,female,98
153,dog,male,80
154,francisco,male,99
155,loren,male,55
156,roseanna,female,98
157,michal,male,97
158,ffa,male,67
159,jade,female,90
160,bollywood,male,75
161,meadowlands,male,75
162,naom,female,75
163,yzaak,male,100
164,mst,male,87
165,adreano,male,95
166,meish,male,67
167,let,female,67
168,sl,male,90f
169,chari,female,91
170,cyber,male,89
171,carolina,female,98
172,augusta,female,95
173,parbinder,male,80
174,guru,male,97
175,gilmore,male,79
176,on,male,79
177,nuriy,male,67
178,desmond,male,100
179,lio,male,88
180,sachint,male,75
181,john,male,99
182,forced,male,75
183,nadine,female,98
184,jour,male,64
185,hani,male,84
186,nadine,female,98
187,mic,male,88
188,stubborn,male,71
189,ashwin,male,99
190,kennedy,female,89
191,frank,male,99
192,jm,male,90
193,alexandra,female,98
194,hakan,male,96
195,tricia,female,98
196,pearl,female,91
197,nidhi,female,97
198,parker,male,92
199,bindass,male,96
200,my,female,62
201,wp,male,88
202,davie,male,96
203,bindass,male,96
204,sahni,female,53
205,hub,male,94
206,corona,male,71
207,the,male,87
208,daily,female,100
209,luigi,male,99
210,casablanca,male,74
211,elaine,female,98
212,haskell,male,100
213,elyna,female,96
214,field,male,100
215,marsh,male,74
216,sheldon,male,99
217,bettina,female,98
218,bettina,female,98
219,ron,male,99
220,rebecca,female,99
221,haskell,male,100
222,altor,male,100
223,fan,male,63
224,corona,male,71
225,sharon,female,96
226,shingo,male,99
227,matthew,male,100
228,duddukuru,male,75
229,shahbab,male,75
230,robert,male,99
231,jimmy,male,98
232,meish,male,67
233,whitney,female,95
234,brian,male,99
235,int,male,66
236,ayo,male,86
237,dinko,male,99
238,biodanza,female,83
239,inc,male,79
240,blessing,female,100
241,glenda,female,98
242,rusty,male,95
243,morolake,female,100
244,casablanca,male,74
245,lynne,female,99
246,esports,male,67
247,alan,male,99
248,mike,male,99
249,esports,male,67
250,com,male,79
251,maitreya,male,82
252,is,male,71
253,kolo,male,84
254,shingo,male,99
255,fm,male,79
256,scarlet,female,99
257,janet,female,98
258,norma,female,98
259,jul,male,74
260,simplemen,female,75
261,juan,male,98
262,mal,male,74
263,peterborough,male,64
264,allesio,male,100
265,norma,female,98
266,el,male,87
267,neston,male,90
268,slobodan,male,99
269,lisandra,female,98
270,top,male,89
271,caravan,male,90
272,exim,male,73
273,how,male,86
274,danim,male,77
275,deepak,male,100
276,sally,female,97
277,corona,male,71
278,adrian,male,98
279,oluwasegun,male,99
280,inn,male,50
281,tiana,female,98
282,margrit,female,99
283,info,male,77
284,inn,male,50
285,ota,male,93
286,kelvin,male,99
287,erbium,male,75
288,dinko,male,99
289,kent,male,98
290,elem,female,86
291,mr,male,98
292,colin,male,99
293,smoo,male,69
294,scott,male,100
295,clare,female,98
296,vishal,male,100
297,shawna,female,98
298,belson,male,94
299,helen,female,98
300,al,male,91
301,harriet,female,96
302,jared,male,99
303,matthew,male,100
304,jared,male,99
305,sherry,female,94
306,cheryl,female,98
307,mutsa,female,55
308,paul,male,99
309,lastborn,male,90
310,nicolas,male,99
311,emeka,male,98
312,norfolk,male,92
313,kanzen,male,100
314,teecey,male,75
315,papa,male,92
316,kanuti,male,100
317,dieu,male,56
318,bantu,male,94
319,don,male,98
320,mehmeto,male,75
321,cris,female,65
322,toronto,male,80
323,mr,male,98
324,jay,male,93
325,kady,female,88
326,abdullah,male,98
327,scott,male,100
328,edu,male,98
329,adedamola,male,88
330,dustin,male,100
331,fidy,male,82
332,graeme,male,99
333,thomas,male,99
334,grannie,female,67
335,funkyguy,male,75
336,emily,female,98
337,karyn,female,97
338,thomas,male,99
339,joey,male,86
340,maria,female,97
341,tayyaba,female,94
342,ladyp,female,100
343,gift,female,100
344,starkey,male,64
345,goddess,female,95
346,thomas,male,99
347,mr,male,98
348,lanny,female,61
349,kho,male,73
350,thomas,male,99
351,joey,male,86
352,the,male,87
353,pepe,male,95
354,co,male,56
355,saint,male,92
356,kho,male,73
357,jules,male,86
358,thomas,male,99
359,jackson,male,98
360,kanuti,male,100
361,cozy,male,68
362,rock,male,100
363,cam,male,69
364,frans,male,98
365,thomas,male,99
366,thomas,male,99
367,craig,male,100
368,amit,male,99
369,thomas,male,99
370,moses,male,99
371,cae,male,73
372,ud,male,85
373,thomas,male,99
374,bighead,male,87
375,usmaan,male,100
376,shawn,male,93
377,mr,male,98
378,kelvin,male,99
379,smiley,male,51
380,marifer,female,98
381,faaf,male,91
382,wolfgang,male,99
383,khilen,male,100
384,parish,male,100
385,benny,male,94
386,dirk,male,99
387,nyc,male,74
388,robert,male,99
389,honeysuckle,female,100
390,dot,female,69
391,greer,female,78
392,ro,male,53
393,fletcher,male,99
394,the,male,87
395,cllr,male,75
396,adi,male,92
397,be,male,55
398,ronald,male,99
399,stuart,male,99
400,nyc,male,74
401,patryk,male,99
402,justin,male,98
403,oluwaremilekun,female,59
404,dr,male,91
405,oluwaremilekun,female,59
406,claire,female,98
407,cactus,male,59
408,john,male,99
409,parker,male,92
410,nyc,male,74
411,cristina,female,98
412,cactus,male,59
413,cactus,male,59
414,joey,male,86
415,mafia,male,88
416,barry,male,98
417,mr,male,98
418,zoom,male,86
419,rosallyn,female,75
420,day,female,52
421,fairfield,male,63
422,aleesha,female,98
423,spyder,male,94
424,avondhu,male,75
425,steve,male,99
426,brenda,female,98
427,stelina,female,98
428,tiago,male,99
429,kelsey,female,96
430,allu,male,85
431,fran,male,87
432,snezana,female,98
433,snezana,female,98
434,ud,male,85
435,mohamed,male,98
436,brendan,male,99
437,fm,male,79
438,liam,male,99
439,lisa,female,98
440,sc,male,73
441,cindy,female,98
442,rick,male,99
443,uk,male,84
444,bretonne,female,100
445,lingvist,male,75
446,masada,male,64
447,hiden,male,70
448,chifu,male,60
449,and,male,84
450,chris,male,93
451,cnn,female,55
452,rochdale,male,100
453,hammody,male,96
454,fatma,female,97
455,alexpedro,male,75
456,patryk,male,99
457,the,male,87
458,escobar,male,94
459,rizanna,female,75
460,mark,male,100
461,robbie,male,93
462,lanza,male,77
463,claire,female,98
464,sophie,female,98
465,laura,female,98
466,jallow,male,92
467,fm,male,79
468,legacy,female,100
469,far,male,61
470,vito,male,98
471,michala,female,99
472,ngosa,male,55
473,ngosa,male,55
474,oj,male,87
475,kanzen,male,100
476,rishi,male,99
477,honeysuckle,female,100
478,shanda,female,97
479,arnau,male,99
480,adjetey,male,85
481,albalaura,female,75
482,albalaura,female,75
483,deprived,male,75
484,erotic,male,76
485,org,male,94
486,jim,male,99
487,scee,female,75
488,linda,female,97
489,alanna,female,100
490,orion,male,99
491,higher,male,91
492,gc,male,84
493,france,female,77
494,ur,male,75
495,ida,female,97
496,jonathan,male,99
497,bennet,male,96
498,robert,male,99
499,asse,male,78
500,penny,female,93
501,makhura,female,67
502,trust,male,100
503,on,male,79
504,zander,male,100
505,silau,male,67
506,marco,male,99
507,mehmeto,male,75
508,zara,female,96
509,jessica,female,98
510,theworldgames,male,75
511,rpc,male,92
512,indomptable,male,59
513,shane,male,93
514,gavin,male,99
515,danny,male,94
516,osofo,male,100
517,theadmiral,male,75
518,daveb,male,100
519,sophie,female,98
520,anal,male,66
521,bipolar,male,62
522,david,male,99
523,the,male,87
524,idongesit,male,63
525,matt,male,100
526,deluna,female,92
527,thobela,male,75
528,chimwemwe,male,63
529,sandra,female,98
530,chidera,male,61
531,lovely,female,100
532,fairfield,male,63
533,patrizia,female,98
534,martin,male,98
535,hunter,male,100
536,chitti,male,79
537,rajasa,male,100
538,kosmo,male,98
539,patryk,male,99
540,octavia,female,99
541,for,male,83
542,ry,male,84
543,douchebag,male,75
544,vovo,male,67
545,scenery,female,75
546,lolita,female,97
547,ife,male,58
548,shotglass,male,75
549,tiola,female,100
550,brandin,male,95
551,deidre,female,100
552,hayden,male,98
553,vidan,male,83
554,dida,female,65
555,cozy,male,68
556,web,male,85
557,mike,male,99
558,marie,female,97
559,anna_,female,75
560,kristina,female,98
561,irish,female,100
562,dida,female,65
563,akang,male,98
564,cozy,male,68
565,cam,male,69
566,dina,female,96
567,claudie,female,97
568,paulie,male,81
569,susana,female,99
570,rishi,male,99
571,centre,male,87
572,aira,female,93
573,kinky,male,57
574,larium,male,75
575,el,male,87
576,abu,male,98
577,roger,male,99
578,shane,male,93
579,bankster,male,100
580,brickz,male,80
581,bleam,male,75
582,suffolk,male,58
583,gift,female,100
584,by,male,86
585,roj,male,84
586,roj,male,84
587,iheanyi,male,99
588,draco,male,95
589,handpicked,female,75
590,abdulaziz,male,99
591,hazel,female,99
592,arief,male,99
593,lukez,male,100
594,nick,male,98
595,snr,male,91
596,necmi,male,97
597,lando,male,95
598,olly,male,79
599,of,male,80
600,mr,male,98
601,feesh,male,75
602,thornhill,male,100
603,ali,male,94
604,john,male,99
605,ppai,male,75
606,kate,female,98
607,fezile,male,60
608,moriam,female,89
609,girl,female,100
610,michael,male,99
611,dr,male,91
612,moriam,female,89
613,dhfm,male,75
614,martez,male,100
615,denise,female,98
616,brand,male,100
617,dsj,male,73
618,fezile,male,60
619,are,male,76
620,asya,female,96
621,roasted,male,75
622,larry,male,98
623,tirreno,male,100
624,softboss,male,75
625,happy,female,100
626,fm,male,79
627,nahidul,male,100
628,in,male,55
629,vibe,male,62
630,oscar,male,99
631,jo,male,60
632,tarunanand,male,75
633,david,male,99
634,bander,male,97
635,fezile,male,60
636,arb,male,84
637,knightmare,male,100
638,noti,male,81
639,amplify,male,100
640,sarah,female,98
641,mj_,male,75
642,olamide,male,71
643,fezile,male,60
644,lsu,male,70
645,precious,female,100
646,fezile,male,60
647,ro,male,53
648,paul,male,99
649,jose,male,97
650,ricky,male,98
651,com,male,79
652,sourava,male,100
653,taiye,male,78
654,robyn,female,94
655,hoan,male,74
656,erica,female,98
657,godfred,male,98
658,kimberly,female,98
659,trust,male,100
660,swiss,male,81
661,pj,male,82
662,ste,male,84
663,wayne,male,99
664,jadyn,male,97
665,burford,male,67
666,kumud,male,58
667,marvinz,male,75
668,raj,male,98
669,dush,male,81
670,holiday,female,100
671,kanzen,male,100
672,jinchu,female,100
673,hiex,male,75
674,darryl,male,99
675,loretto,female,86
676,the,male,87
677,merkur,male,86
678,com,male,79
679,hindol,male,100
680,khya,female,87
681,arfat,male,97
682,queen,female,100
683,queen,female,100
684,tiana,female,98
685,helmsley,male,75
686,ariefzain,male,75
687,redpool,male,75
688,matilda,female,99
689,hasa,male,85
690,gmm,male,63
691,khairuddin,male,99
692,praveen,male,100
693,raj,male,98
694,our,male,78
695,angela,female,98
696,ruth,female,98
697,knightmare,male,100
698,eric,male,99
699,volleyball,female,75
700,uk,male,84
701,cam,male,69
702,chimeziri,male,75
703,adriano,male,99
704,clyde,male,99
705,amelia,female,98
706,vanlife,male,75
707,alfons,male,96
708,isa,female,59
709,keemo,male,94
710,streamer,male,80
711,carbon,male,100
712,graphic,male,91
713,aleia,female,98
714,candy,female,100
715,pocs,male,75
716,sir,male,97
717,tony,male,99
718,jesus,male,98
719,kay,female,54
720,hachiko,female,75
721,ashan,male,98
722,tony,male,99
723,marty,male,67
724,whitney,female,95
725,jimmy,male,98
726,genesi,female,74
727,nenad,male,99
728,aziz,male,97
729,nicole,female,98
730,thomas,male,99
731,george,male,99
732,abdel,male,98
733,aranina,female,75
734,new,male,71
735,russell,male,99
736,galo,male,97
737,patty,female,96
738,sfi,male,68
739,teresa,female,98
740,stopper,male,92
