_id,username,name,followers_count,friends_count,favourites_count,statuses_count,after_name,gender,gender_accuracy
5ec97d6645aa29c1ab606db3,jesuslvg,Jesustrato,317,427,11868,20436
5ec97d6645aa29c1ab606db4,BC__Innovate,Black Country Innovate,1269,4239,20946,13359
5ec97d6745aa29c1ab606db5,Msnisi09,Denise,14,101,80,27,denise,female,98
5ec97d6845aa29c1ab606db6,footienut247,leighton mcguinness,33,339,3193,3144,leighton,male,92
5ec97d6845aa29c1ab606db7,Stallion_Team2,Frankie,155710,155467,148140,333710,frankie,male,80
5ec97d6945aa29c1ab606db8,Tech_Tee_Shop,ğŸ‘½Tech Lover ğŸ‡ºğŸ‡¸ ğŸ‡¨ğŸ‡¦ ğŸ‡¦ğŸ‡º ğŸ‡ªğŸ‡º ğŸ‡¯ğŸ‡µ,7541,4528,12548,4155,tech,male,92
5ec97d6945aa29c1ab606db9,ClimateChangePa,Climate Change Party,1880,2056,0,36026
5ec97d6a45aa29c1ab606dba,hanibear93,Hani is a zombieğŸŒ¼,1115,1264,16995,19542,hani,male,84
5ec97d6b45aa29c1ab606dbb,2905jimjamy,Jamie Yarnold ğŸ”°,173,1628,1197,2632,jamie,male,62
5ec97d6b45aa29c1ab606dbc,firstsite,Firstsite Colchester,12674,4391,6251,10598,colchester,male,100
5ec97d6c45aa29c1ab606dbd,naimahmah,IG: @naimahmah,468,250,141,15629,ig,male,85
5ec97d6d45aa29c1ab606dbe,alxiba_afsana,Alxiba Afsan,3,179,633,201
5ec97d6d45aa29c1ab606dbf,poupouch48,Vivi,19408,494,275514,296740,poupouch,female,75
5ec97d6e45aa29c1ab606dc0,chakaal28,Karen Lillywhite,249,502,8360,4094,karen,female,96
5ec97d6f45aa29c1ab606dc1,Archana93098503,Archana NM_MPYS,13,28,173,273,archana,female,98
5ec97d6f45aa29c1ab606dc2,akotopam,Akotopam News ğŸ‡¿ğŸ‡¦,164,0,167,8279
5ec97d7045aa29c1ab606dc3,DulceMarLoynaz,Dulce Maria Loynaz,328,251,23134,17771,dulce,female,98
5ec97d7145aa29c1ab606dc4,PolishRoyalGoat,Ana and her Goat,9570,1928,114003,100834,ana,female,97
5ec97d7145aa29c1ab606dc5,Jhx09181424,RojoYBlanco,60,78,7175,946
5ec97d7245aa29c1ab606dc6,U2_News,U2News,16656,128,1722,26018
5ec97d7345aa29c1ab606dc7,PolishRoyalGoat,Ana and her Goat,9570,1928,114003,100834
5ec97d7445aa29c1ab606dc8,stevelwpalmer,stephen palmer,233,261,2567,5730,stephen,male,99
5ec97d7445aa29c1ab606dc9,PolishRoyalGoat,Ana and her Goat,9570,1928,114003,100834,ana,female,97
5ec97d7545aa29c1ab606dca,ChoicePremiums,Choice Premiums,106,323,131,4,ana,female,97
5ec97d7645aa29c1ab606dcb,PolishRoyalGoat,Ana and her Goat,9570,1928,114003,100834,ana,female,97
5ec97d7645aa29c1ab606dcc,UnknownTuber1,ğŸ‡¯ğŸ‡µUnknown Tuber_PESâš½ï¸,8,225,6,8
5ec97d7745aa29c1ab606dcd,PolishRoyalGoat,Ana and her Goat,9570,1928,114003,100834,ana,female,97
5ec97d7745aa29c1ab606dce,LongwoodsNotes,LongwoodsNotes,2993,1513,51,6893
5ec97d7845aa29c1ab606dcf,srt8982,shawny.boy the.cool.guy,189,692,305,3820,srt,male,79
5ec97d7945aa29c1ab606dd0,kana_surfergirl,miamia0614,73,141,3689,1740,miamia,female,93
5ec97d7945aa29c1ab606dd1,nazifidawud,#ComradeDnZ,127,318,386,2680
5ec97d7a45aa29c1ab606dd2,glennlokesh32,Lokesh Waran,91,517,39704,17971,lokesh,male,100
5ec97d7a45aa29c1ab606dd3,IVMBRXNLXYJ,x Ã¦ a-12,126,111,25344,32184
5ec97d7b45aa29c1ab606dd4,JuveAcademyScot,Juventus Academy Scotland,529,663,1783,1091,juventus,male,95
5ec97d7c45aa29c1ab606dd5,imstrawbella,Eleonora Uriati,31,64,172,99,eleonora,female,99
5ec97d7c45aa29c1ab606dd6,TempleD87626452,Temple Davis,0,0,0,1,temple,female,100
5ec97d7d45aa29c1ab606dd7,Buzzfm897,Buzzfm89.7,1644,308,657,25909
5ec97d7e45aa29c1ab606dd8,paulalameda,Paul Vincent Alameda,162,96,32,444,paul,male,99
5ec97d7e45aa29c1ab606dd9,Triteflower2020,Jo,218,328,6673,40880,jo,male,60
5ec97d7f45aa29c1ab606dda,ObiCheChe1,Che-Che,358,1044,23847,5923,che,male,71
5ec97d7f45aa29c1ab606ddb,spaincultureus,SPAIN arts & culture,152288,1230,4839,5901,spain,male,83
5ec97d8045aa29c1ab606ddc,fvsu_dining,FVSU Dining Services,497,676,16,3411
5ec97d8145aa29c1ab606ddd,YunierViada,Yunier Viada,271,292,4460,11567,yunier,male,98
5ec97d8245aa29c1ab606dde,BussienJill,Jill Bussien,78,433,5568,10041,jill,female,97
5ec97d8345aa29c1ab606ddf,bsudipta05x,Sam Zoldyck,913,2205,7146,220546,sam,male,85
5ec97d8445aa29c1ab606de0,bakagamiii,rissaâ€¢Ì€.Ì«â€¢Ìâœ§,623,660,9349,10033,rissa,female,94
5ec97d8545aa29c1ab606de1,SFZombie247,Lovinsf á´¹áµƒá¶¦â¿áµ‰,1149,1002,39608,163397
5ec97d8645aa29c1ab606de2,Heavenlybot,Heavenlybot âœº,7387,5929,209393,51098
5ec97d8745aa29c1ab606de3,FloVilleminot,Florence Villeminot,6318,495,2823,1334,florence,female,97
5ec97d8845aa29c1ab606de4,KelliherNHS,HistoryClass,77,194,430,192
5ec97d8845aa29c1ab606de5,Warwickshire_CC,Warwickshire CC #StayAlertToStaySafe,14577,835,2146,25369,cc,male,55
5ec97d8945aa29c1ab606de6,UKtoUSmomma,Stayathome,317,669,24141,9459
5ec97d8a45aa29c1ab606de7,bitrix24,Bitrix24,4404,678,1012,6772,bitrix,female,67
5ec97d8a45aa29c1ab606de8,SPJffrson,Saml Patrck Jffrson,85,113,251,13788,saml,male,92
5ec97d8b45aa29c1ab606de9,paragingle_GGMU,Parag Ingle,324,463,26165,49597,parag,male,100
5ec97d8c45aa29c1ab606dea,MaridelManaloXx,m a r i d e l,627,193,13317,91417
5ec97d8d45aa29c1ab606deb,dromedarshop,DromedarShop.com,21,100,18,24772,com,male,79
5ec97d8d45aa29c1ab606dec,thecricketmen,TheCricketMen,439,381,744,2591
5ec97d8e45aa29c1ab606ded,Andrew_Ryan19,Andrew Ryan,101,639,139,1759,andrew,male,99
5ec97d8f45aa29c1ab606dee,GabrielConstans,Gabriel Constans,22053,22060,29748,23781,gabriel,male,99
5ec97d8f45aa29c1ab606def,MrJaijo,Jai Taylor,276,848,1098,1428,jai,male,91
5ec97d9045aa29c1ab606df0,hsingh212_,BLACKLISTED,58,378,17538,3156,blacklisted,male,100
5ec97d9145aa29c1ab606df1,Cyrenians1968,Cyrenians,7573,4898,6405,10762
5ec97d9145aa29c1ab606df2,BirgittaDE2,BirgittaDE ğŸ— ğŸŒ¹#ForeignFriendsOfCatalonia,311,301,65413,39125
5ec97d9245aa29c1ab606df3,cyclocrossjake,Jake â„¢,492,524,15166,4935,jake,male,98
5ec97d9345aa29c1ab606df4,Buzzfm897,Buzzfm89.7,1644,308,657,25909,andrew,male,99
5ec97d9345aa29c1ab606df5,AndrewMannUK,Andrew Mannering,68,164,3808,1841
5ec97d9445aa29c1ab606df6,BIGDADDYC0OL,Galangâ˜­,283,1365,41640,18493,galang,male,97
5ec97d9445aa29c1ab606df7,Faris2011ksa,Faris2011ksa ğŸ‡¸ğŸ‡¦,669,296,16432,13079
5ec97d9545aa29c1ab606df8,pankapitaa,Kor,1,83,1381,764,kor,male,88
5ec97d9645aa29c1ab606df9,legendarysauce2,LLCARAJâ¤ï¸,291,263,3665,11649
5ec97d9645aa29c1ab606dfa,matt_songwiqi,ANELE,1019,1778,112859,23622,anele,male,57
5ec97d9745aa29c1ab606dfb,joylis_,ZeÃ¨,720,517,9740,13019
5ec97d9745aa29c1ab606dfc,ardeaint,Ardea International,1430,4103,676,4347,ardea,female,71
5ec97d9845aa29c1ab606dfd,_superhero1,superhero1,811,142,709,706,superhero,male,98
5ec97d9945aa29c1ab606dfe,Mayor_Bowman,Mayor Brian Bowman,69791,5591,13864,28220,brian,male,99
5ec97d9a45aa29c1ab606dff,VanDykInsurance,Van Dyk Group Insurance,22,58,17,84,van,male,74
5ec97d9a45aa29c1ab606e00,CMP_4U,á‘•á—©á—° á—°Oá—ªEá’ª á‘­á–‡Oá—°OTEá–‡ ğŸŒˆ@CMP_4UğŸŒˆ,322707,14134,165441,793050
5ec97d9b45aa29c1ab606e01,allhaleanna,Anna Hale,890,880,9931,25861,anna,female,98
5ec97d9c45aa29c1ab606e02,DILIPJHABIH,DILIP JHA,92,906,218,1048,dilip,male,99
5ec97d9c45aa29c1ab606e03,ben22476,Ben Kirkham,642,1284,10063,16981,ben,male,97
5ec97d9d45aa29c1ab606e04,EmTSuss,Emily Tisch Sussman,5618,1495,1971,6886,emily,female,98
5ec97d9d45aa29c1ab606e05,DomestikaEn,DomestikaEN,302,75,781,840
5ec97d9e45aa29c1ab606e06,nora_lafarga,Nora Lafarga,33,218,5992,1352,nora,female,97
5ec97d9f45aa29c1ab606e07,iosolofede,faith adams #NYG,831,1135,33172,17235,faith,female,100
5ec97d9f45aa29c1ab606e08,Tonobouy,GhostyğŸ™…ğŸ¾â€â™‚ï¸ğŸ™…ğŸ¾â€â™‚ï¸,224,177,774,24885,ghosty,male,78
5ec97da045aa29c1ab606e09,JohnMartini3,NYC Mind Expansion,4036,3317,12227,58994,nyc,male,74
5ec97da145aa29c1ab606e0a,happyeggshaped,Happiness is #staysafe,8709,6842,251012,150576,is,male,71
5ec97da245aa29c1ab606e0b,fladog82,mark flather,88,119,4160,1137,mark,male,100
5ec97da245aa29c1ab606e0c,kojo_jhase,Jhase_Feelzâ˜†â˜†â˜†,666,1152,16638,14796
5ec97da345aa29c1ab606e0d,JustinKernoghan,Justin Kernoghan,1772,1314,2540,2554,justin,male,98
5ec97da445aa29c1ab606e0e,MGAdining,MGA Dining,163,53,41,1483,mga,male,84
5ec97da445aa29c1ab606e0f,BryanBarclay,Bryan Barclay,139,335,1060,194,bryan,male,99
5ec97da545aa29c1ab606e10,IntelRegion,Intel Region,968,23,8454,1368,intel,male,92
5ec97da645aa29c1ab606e11,sfdb,SFDB,1739,784,7943,102166,sfdb,male,75
5ec97da645aa29c1ab606e12,GGiggias,Gifts By Giggias,2,2,4,326,gift,female,100
5ec97da745aa29c1ab606e13,VamosTheatre,Vamos Theatre,3239,1683,2400,6122,vamos,male,88
5ec97da845aa29c1ab606e14,ChuiSansPapier,samohT ğŸ‘‘,109,108,17051,2952,samoht,male,95
5ec97da945aa29c1ab606e15,CrOwnSphMinX,â™¥ï¸ #Maitreya #MysticalLaw ğŸ“¿ğŸ™ğŸ½â™¥ï¸âœ¨,1407,5000,12942,28110,maitreya,male,82
5ec97daa45aa29c1ab606e16,BirgittaDE2,BirgittaDE ğŸ— ğŸŒ¹#ForeignFriendsOfCatalonia,311,301,65413,39125
5ec97daa45aa29c1ab606e17,Mick__geek,Michael Nolan,1463,2882,26263,19419,michael,male,99
5ec97dac45aa29c1ab606e18,Buzzfm897,Buzzfm89.7,1644,308,657,25909
5ec97dad45aa29c1ab606e19,KrunoCrazy,Kruno Crazy,1942,2084,83639,87789,kruno,male,100
5ec97dad45aa29c1ab606e1a,brummyOT,Claire Terrington,242,696,1608,414,claire,female,98
5ec97dae45aa29c1ab606e1b,tobicious_abhay,@cristiano Ronaldo fan ğŸŒ¼,3560,2931,49034,14007,cristiano,male,99
5ec97daf45aa29c1ab606e1c,MKamediya,à¤ªà¤¤à¤‚à¤œà¤²à¤¿ à¤¯à¥à¤µà¤¾ à¤­à¤¾à¤°à¤¤ à¤¬à¤¾à¤™à¤®à¥‡à¤°,82,299,1639,606
5ec97db045aa29c1ab606e1d,Macaodah1,ImNotSoSimp,87,274,1469,1944
5ec97db045aa29c1ab606e1e,RichmondTram,#WhoIsCelia,2061,1723,20527,19681
5ec97db145aa29c1ab606e1f,KBloor,Karen Bloor,1956,918,1500,4503,karen,female,96
5ec97db245aa29c1ab606e20,TubaElver,Tuba elver,945,1482,16633,100216,tuba,female,97
5ec97db245aa29c1ab606e21,samy45,samy45,1016,4998,30777,352939,samy,male,88
5ec97db345aa29c1ab606e22,dromedarshop,DromedarShop.com,21,100,18,24772,com,male,79
5ec97db445aa29c1ab606e23,ben_tby,Ben Tby,268,949,3042,1236,ben,male,97
5ec97db545aa29c1ab606e24,Terai15679,Jeff graves,47,2334,1768,4425,terai,male,73
5ec97db545aa29c1ab606e25,MasterKGE,Master Kai,506,1808,44299,45942,master,male,100
5ec97db645aa29c1ab606e26,HaziqBotakBonch,-,525,348,7878,54380
5ec97db745aa29c1ab606e27,DWSnyder17,David Snyder,65,436,1415,1160,david,male,99
5ec97db845aa29c1ab606e28,Faraz44040288,Faraz,2,3,4,109,faraz,male,98
5ec97db845aa29c1ab606e29,spyonmetoo,A. R. K.,110,61,7431,16862
5ec97db945aa29c1ab606e2a,GrafFigure,GRAF Figure Skates,400,83,221,530,graf,male,91
5ec97dba45aa29c1ab606e2b,Jacobtloose,Jacob Loose,137,498,3239,634,jacob,male,99
5ec97dbb45aa29c1ab606e2c,HealthyFare4Kid,Healthy Fare 4 Kids,233,358,135,353,kid,male,90
5ec97dbc45aa29c1ab606e2d,nupursaklecha,nupur saklecha,10,85,12,40,nupur,female,94
5ec97dbc45aa29c1ab606e2e,adefunmiloye,funmo,1044,2420,337,13270,adefunmiloye,male,75
5ec97dbd45aa29c1ab606e2f,GURLALpb03,GURLALğŸ’¥,48,110,49,9958,gurlal,male,97
5ec97dbe45aa29c1ab606e30,SuttonMHF,SMHF,414,322,170,898
5ec97dbe45aa29c1ab606e31,moof52,John Helton,87,216,13181,8695,moof,male,90
5ec97dbf45aa29c1ab606e32,bushybusra,Bushy,34,66,1062,612,bushy,male,69
5ec97dc045aa29c1ab606e33,NavigatorCU,Navigator CU,981,257,119,1802,navigator,male,99
5ec97dc045aa29c1ab606e34,kobi2real,Kobi,349,725,3985,7113,kobi,male,90
5ec97dc145aa29c1ab606e35,RNani134,ROHIT Vinod,178,235,7110,15216,rohit,male,100
5ec97dc245aa29c1ab606e36,CinemaRooms,Cinema Rooms Ltd,1930,2329,6720,3704,cinema,male,73
5ec97dc245aa29c1ab606e37,WeedMates2You,Peyote Cult,116,297,505,777,peyote,male,73
5ec97dc345aa29c1ab606e38,JustinKernoghan,Justin Kernoghan,1772,1314,2540,2554,justin,male,98
5ec97dc445aa29c1ab606e39,MartinaRosemann,ğ™ˆğ™–ğ™§ğ™©ğ™ğ™£ğ™– ğ™ğ™¤ğ™¨ğ™šğ™¢ğ™–ğ™£ğ™£ ğŸŒ¹ğŸ˜ğŸ‡©ğŸ‡ª,10852,11936,243529,182396
5ec97dc445aa29c1ab606e3a,SharonNever,Sharon Clark,127,151,11387,3319,sharon,female,96
5ec97dc545aa29c1ab606e3b,MarthaPerezBook,Martha Perez,15284,13600,33675,142917,martha,female,97
5ec97dc645aa29c1ab606e3c,pausedbycovid,paused,23,18,0,40,paused,male,100
5ec97dc645aa29c1ab606e3d,Artur97723385,Artur,0,20,6,13,artur,male,99
5ec97dc745aa29c1ab606e3e,Petrolheadsarah,Sarah Rigby,1667,1658,48859,145667,sarah,female,98
5ec97dc845aa29c1ab606e3f,iam_deson,Shugar Daday!,1218,1090,5270,3650,shugar,female,52
5ec97dc845aa29c1ab606e40,AbleLikes,ğŸŒ¸LikesğŸŒ¸,29660,19073,203310,164046
5ec97dca45aa29c1ab606e41,MartinaRosemann,ğ™ˆğ™–ğ™§ğ™©ğ™ğ™£ğ™– ğ™ğ™¤ğ™¨ğ™šğ™¢ğ™–ğ™£ğ™£ ğŸŒ¹ğŸ˜ğŸ‡©ğŸ‡ª,10852,11936,243529,182396
5ec97dcb45aa29c1ab606e42,chrisnorris,Christo (au),358,3133,16190,14055,christo,male,98
5ec97dcb45aa29c1ab606e43,IGNIA_Fund,IGNIA,5246,479,438,1561
5ec97dcc45aa29c1ab606e44,kazekenny,kaze kennedy ğŸ‡·ğŸ‡¼,776,865,2698,3979,kaze,male,82
5ec97dcd45aa29c1ab606e45,DuncanWatson,Duncan Watson,757,1447,49788,35038,uncan,male,99
5ec97dce45aa29c1ab606e46,makewordsbot,Scrabble Practice,621,0,0,53881,scrabble,male,86
5ec97dce45aa29c1ab606e47,GermanDCForum,German DC Forum,671,4,25392,20263,german,male,100
5ec97dcf45aa29c1ab606e48,TheDemolaExpoze,Demola Expoze,67490,37697,42,108114,demola,male,98
5ec97dd045aa29c1ab606e49,VMan925,Frank V,80,261,20934,20654,vman,male,100
5ec97dd145aa29c1ab606e4a,andrew_hormiz,Andrew Hormiz,531,605,12586,279695,andrew,male,99
5ec97dd145aa29c1ab606e4b,BSACCRP,Bedford to St Albans City CRP,99,27,148,212,bedford,male,84
5ec97dd245aa29c1ab606e4c,thecricketmen,TheCricketMen,439,381,744,2591
5ec97dd345aa29c1ab606e4d,AERGFAMILY,AERG,15536,232,2987,6205,aerg,male,69
5ec97dd345aa29c1ab606e4e,Gindy,Gindy,3017,2837,208473,100437,gindy,male,52
5ec97dd445aa29c1ab606e4f,shineforeuer,tek. lock,86,136,50,1354,tek,male,88
5ec97dd545aa29c1ab606e50,detepoherty,diamanton,141,500,1142,3792
5ec97dd545aa29c1ab606e51,MillzNina,NinaMillz,131,165,480,394
5ec97dd645aa29c1ab606e52,Brian_Whit,Brian Whitaker,44617,1202,95,36536,brian,male,99
5ec97dd745aa29c1ab606e53,Ballout30,KelvinAdj,1778,1671,25279,35409,ballout,male,63
5ec97dd845aa29c1ab606e54,Fan57Nathan,Heike Ritschel,316,284,52579,48229,heike,female,98
5ec97dd945aa29c1ab606e55,U2_News,U2News,16656,128,1722,26018
5ec97dd945aa29c1ab606e56,nickg0804,Nick,569,699,2994,1743,nickg,male,100
5ec97dda45aa29c1ab606e57,carloverteam,Carlover,23,0,6,347,carlover,male,75
5ec97dda45aa29c1ab606e58,adekleine,angie de kleine ğŸ‡³ğŸ‡±ğŸ‡ªğŸ‡ºğŸ‡©ğŸ‡ªğŸ‡ºğŸ‡¸ğŸ‡¨ğŸ‡¦ğŸ—½,883,875,41162,420851,angie,female,98
5ec97ddb45aa29c1ab606e59,dahomey_dockery,Fresh Vandicooch,61,29,4886,1424
5ec97ddc45aa29c1ab606e5a,RedPillDetox,ğŸŒˆĞ¯ÎÃPÅ‚ÅÅÃÎtĞ¤Ğ–ğŸŒŠ,5174,4616,283,79413
5ec97dde45aa29c1ab606e5b,VandanaGyan,Vandana Gyanchandani,34,1074,773,736,vandana,female,98
5ec97dde45aa29c1ab606e5c,GaryAllan,GaryAllan,360237,447,2691,3863
5ec97ddf45aa29c1ab606e5d,EMILIOMARINROIG,Emilioteayuda.com,2620,1311,71348,79236,com,male,79
5ec97de045aa29c1ab606e5e,Bongusandisiwe,Bongusandisiwe_Gumede,1865,446,96566,18491
5ec97de145aa29c1ab606e5f,writin4change,Janet Ilko. EdD,1297,1417,4149,12830,janet,female,98
5ec97de145aa29c1ab606e60,CosoroRadio,Cosoro Radio UK,65662,45145,202370,471019,uk,male,84
5ec97de245aa29c1ab606e61,nripesh_kashyap,DIE HARD ADIAN  ğŸ‡®ğŸ‡³,1279,3969,146928,171722,die,male,66
5ec97de345aa29c1ab606e62,DrJennyRose,Dr Jenny Rose,2376,3513,29467,7685,dr,male,91
5ec97de345aa29c1ab606e63,eurasianabe,agungabesuryaâ„¢,206,156,12,5186
5ec97de445aa29c1ab606e64,Nelima2018,ENelima,166,544,1110,182,nelima,female,100
5ec97de545aa29c1ab606e65,bwplusprairiein,BW Plus Prairie Inn,52,0,0,1584,bw,male,83
5ec97de645aa29c1ab606e66,ShirichieKudo,Richie Sambora,229,224,34,3944,richie,male,97
5ec97de745aa29c1ab606e67,brentphoto_nyc,Brent Wilkins ğŸ‡ºğŸ‡¸ğŸ‡«ğŸ‡·,456,2583,1177,7005,brent,male,100
5ec97de745aa29c1ab606e68,AGUILERA_Jonath,ScrÃ¡nnyÂ® Jonnathan,697,455,10636,231955,jonnathan,male,100
5ec97de845aa29c1ab606e69,BrookhavenLaw,Sarah Siedentopf,67,99,10,1230,sarah,female,98
5ec97de945aa29c1ab606e6a,Amber02150,HeatherğŸ’,55151,1629,138993,188693,amber,female,97
5ec97de945aa29c1ab606e6b,NewMediaMB,New Media Manitoba,4167,894,3300,8174,new,male,71
5ec97dea45aa29c1ab606e6c,BeachBreakCoz,Beach Break-Cozumel,3,87,19,120,cozumel,male,71
5ec97deb45aa29c1ab606e6d,TF9JA,TF,449,60,1434,7381,tf,male,78
5ec97deb45aa29c1ab606e6e,shineforeuer,tek. lock,86,136,50,1354,tek,male,88
5ec97dec45aa29c1ab606e6f,lilannie11,Ann,769,1076,23339,10945,lilannie,female,75
5ec97ded45aa29c1ab606e70,Oswaldo01724452,Oswaldo Granados,195,485,63285,25403,oswaldo,male,100
5ec97dee45aa29c1ab606e71,Amber02150,HeatherğŸ’,55150,1629,138993,188693,amber,female,97
5ec97dee45aa29c1ab606e72,alejo_mansilla,panfletito,102,1185,5396,4022,alejo,male,90
5ec97def45aa29c1ab606e73,SajidAli418,sajid khan,206,1589,2867,2694,sajidali,male,95
5ec97df045aa29c1ab606e74,rcoupon4,Rcoupon4,3,51,0,54
5ec97df045aa29c1ab606e75,HeisLindo,baby's baby,281,317,7681,8487,baby,male,100
5ec97df145aa29c1ab606e76,doublepizzle07,Thomas,1259,1319,15167,60829,thomas,male,99
5ec97df145aa29c1ab606e77,pausedbycovid,paused,23,18,0,40,paused,male,100
5ec97df245aa29c1ab606e78,PAturnpikefan,ğŸ™ğŸ™ğŸ™,245,409,35333,32693
5ec97df345aa29c1ab606e79,GowthamCharan6,Rebel Star ğŸ”¥ğŸ¤™ğŸ»,133,217,9920,3727,rebel,female,100
5ec97df445aa29c1ab606e7a,ShersSun,3Glow,310,218,109676,67003,glow,female,62
5ec97df545aa29c1ab606e7b,rumanticolatino,Bozbici Lenut Milut,138,192,54570,23038,bozbici,female,75
5ec97df545aa29c1ab606e7c,IrvSmith8284,IRV Smith,4760,5238,99478,53629,irv,male,98
5ec97df645aa29c1ab606e7d,Bader_AlQabandi,Ø¨Ø¯Ø± Ø§Ù„Ù‚Ø¨Ù†Ø¯ÙŠ,7413,454,12,42729
5ec97df745aa29c1ab606e7e,tidd13,nathan,34,202,4234,1403,tidd,male,100
5ec97df845aa29c1ab606e7f,anna_birch1,Anna Birch,644,1115,8579,3378,anna,female,98
5ec97df845aa29c1ab606e80,DT_Educ,Dogs Trust Education,12652,2196,267,2873,dog,male,80
5ec97df945aa29c1ab606e81,italianostyle2,Francisco,93250,88012,45795,71682,francisco,male,99
5ec97dfa45aa29c1ab606e82,lorenmillerCH,Loren M - Claire House,182,319,1689,724,loren,male,55
5ec97dfa45aa29c1ab606e83,RoseannaChew,Roseanna Chew,160,1580,19868,7988,roseanna,female,98
5ec97dfb45aa29c1ab606e84,clarinetwoman2,michal beit halachmi ğŸ”¥,2745,4997,179744,373728,michal,male,97
5ec97dfc45aa29c1ab606e85,ffa800,Kaonashi,189,216,5334,30809,ffa,male,67
5ec97dfd45aa29c1ab606e86,JadeJensen29,Jade Jensen ğŸ‡ºğŸ‡¸â˜®ï¸â„ï¸ğŸ†˜,7941,8726,347448,349374,jade,female,90
5ec97dfd45aa29c1ab606e87,BollywoodKnocks,Bollywood Knocks,144,18,35,1359,bollywood,male,75
5ec97dfe45aa29c1ab606e88,CrazeeFrench,CrazyFrench,2475,282,26895,16338
5ec97dff45aa29c1ab606e89,grxtzky,MeadowLands,384,131,1266,291042,meadowlands,male,75
5ec97dff45aa29c1ab606e8a,NaomKemunto5,Naom KemuntoğŸ‡°ğŸ‡ª,50272,21327,84463,39751,naom,female,75
5ec97e0045aa29c1ab606e8b,Yzaak06,Yzaak-El tigre dientes de sable,857,1553,41337,20886,yzaak,male,100
5ec97e0145aa29c1ab606e8c,thembi_kola,MsT #OurLand,8396,5885,43382,27062,mst,male,87
5ec97e0145aa29c1ab606e8d,adreano_calcio,Adreano Di Nardo,127,99,11130,1911,adreano,male,95
5ec97e0245aa29c1ab606e8e,Meish52,Meish .. #FBPE,868,890,33060,36052,meish,male,67
5ec97e0345aa29c1ab606e8f,NewDoggieMom,Lets Talk Dogs,19,56,42,94,let,female,67
5ec97e0345aa29c1ab606e90,FSLatBGSU,FSL@BGSU,1581,1007,406,2162,sl,male,90
5ec97e0445aa29c1ab606e91,valdecimatheus,V A L D E C O,634,68,24489,162199
5ec97e0545aa29c1ab606e92,sectest9,Security Testing,31164,1,7,1814885
5ec97e0545aa29c1ab606e93,Oi__4i,â™¥â˜…â„ŒÎá•Šâ˜…â™¥,43669,42406,183938,322062
5ec97e0645aa29c1ab606e94,capegreco,Charis â›µï¸,15855,7026,150159,161270,chari,female,91
5ec97e0745aa29c1ab606e95,CyberSecurityN8,Cyber Security News,4600,1,0,242008,cyber,male,89
5ec97e0745aa29c1ab606e96,akotopam,Akotopam News ğŸ‡¿ğŸ‡¦,164,0,167,8279
5ec97e0845aa29c1ab606e97,f1gue_caro,Carolina Figueroa H.,248,635,642,8254,carolina,female,98
5ec97e0945aa29c1ab606e98,ELTAugusta,Augusta Avram,752,1230,4220,6024,augusta,female,95
5ec97e0945aa29c1ab606e99,parbinder_kaur,Parbinder kaur,139,245,1306,1699,parbinder,male,80
5ec97e0a45aa29c1ab606e9a,MirrorFootball,Mirror Football,589465,910,585,462303
5ec97e0b45aa29c1ab606e9b,PunyaSugu,Guru Prasad,239,491,17111,12711,guru,male,97
5ec97e0b45aa29c1ab606e9c,GilmoreFestival,Gilmore Keyboard Festival,1954,1534,1146,3625,gilmore,male,79
5ec97e0c45aa29c1ab606e9d,DisabilityUK,Focus on Disability,19576,2022,97,14833,on,male,79
5ec97e0d45aa29c1ab606e9e,NornickelGroup,Nornickel,9393,1132,674,4288
5ec97e0e45aa29c1ab606e9f,NuriyArisa,Nuriy,637,528,19851,50090,nuriy,male,67
5ec97e0e45aa29c1ab606ea0,thecricketmen,TheCricketMen,439,381,744,2591
5ec97e0f45aa29c1ab606ea1,AlyssaMF48,A F,101,101,17760,11065
5ec97e1045aa29c1ab606ea2,DesmondSafari,desmond safari,13,59,411,340,desmond,male,100
5ec97e1045aa29c1ab606ea3,kaminaswife,Lio chikito,15,200,2149,586,lio,male,88
5ec97e1145aa29c1ab606ea4,sachint43,sachint43,51,95,1743,1038,sachint,male,75
5ec97e1245aa29c1ab606ea5,realJohn_Stiles,John Stiles,379,610,1319,13310,john,male,99
5ec97e1345aa29c1ab606ea6,ForcedHappenst1,Forced  Happenstance,2641,4869,32886,47667,forced,male,75
5ec97e1445aa29c1ab606ea7,cupcakeali1,nadine walden,448,980,489,2480,nadine,female,98
5ec97e1445aa29c1ab606ea8,ajourjewelry,A Jour Jewelry,279,560,95,230,jour,male,64
5ec97e1545aa29c1ab606ea9,hanibear93,Hani is a zombieğŸŒ¼,1115,1264,16995,19542,hani,male,84
5ec97e1645aa29c1ab606eaa,cupcakeali1,nadine walden,448,980,489,2480,nadine,female,98
5ec97e1645aa29c1ab606eab,MICThurles,MIC Thurles #StayAtHome,1072,999,1552,1540,mic,male,88
5ec97e1745aa29c1ab606eac,Stubborn44708,Stubborn,21,108,1705,1149,stubborn,male,71
5ec97e1845aa29c1ab606ead,twiithit,TwiitHIT,1251,5001,58325,137734
5ec97e1945aa29c1ab606eae,iamashwinrouth,Ashwin,81,3276,5862,2277,ashwin,male,99
5ec97e1945aa29c1ab606eaf,mariavartha,ÎœÎ‘Î¡Î™Î‘ Î’.,296,205,64596,27702
5ec97e1a45aa29c1ab606eb0,Kennedy252505,AnDy025,27,89,18573,2404,kennedy,female,89
5ec97e1b45aa29c1ab606eb1,FrankLlama,Frank Llama,129,137,306,388,frank,male,99
5ec97e1b45aa29c1ab606eb2,joyceamery,JM,338,539,7588,2616,jm,male,90
5ec97e1c45aa29c1ab606eb3,chickwhobiz,Alexandra Nestertchouk,538,148,7790,3212,alexandra,female,98
5ec97e1d45aa29c1ab606eb4,juambazoca,JUAMBAZOCA,385,407,408,7731
5ec97e1e45aa29c1ab606eb5,PQpromo,ğğ ğŸ…ŸğŸ…¡ğŸ…ğŸ…œğŸ…,173181,340,34,370730
5ec97e1e45aa29c1ab606eb6,SonokHakan,TÃœRKÄ°YE CUMHURÄ°YETÄ° HAKAN SONOK,63478,66596,125144,699070,hakan,male,96
5ec97e1f45aa29c1ab606eb7,pataylor5,Tricia,42,160,6511,2044,tricia,female,98
5ec97e1f45aa29c1ab606eb8,PIPSub,ğŸ’‹ğŸ’‹ #ğ•ğ• ğ•¤ğ•šğ•–ğ•¤â„™ğ•£ğ• ğ•ğ• ğ•¥ğ•šğ• ğ•Ÿğ•¤ ğŸ’‹ğŸ’‹,7856,3384,51526,146975
5ec97e2045aa29c1ab606eb9,allhandball_de,allhandball,164,133,56,2402
5ec97e2145aa29c1ab606eba,matsobaneramoko,useyourbrains,1561,1988,5260,3780
5ec97e2145aa29c1ab606ebb,pearleliadis,Pearl Eliadis,599,128,360,2074,pearl,female,91
5ec97e2245aa29c1ab606ebc,Nidhi74286111,Nidhi,80,205,1329,1224,nidhi,female,97
5ec97e2345aa29c1ab606ebd,painsworth512,Phony Parker,276,806,15532,21734,parker,male,92
5ec97e2445aa29c1ab606ebe,bindass69,Â®Â¥à¹Ã¼&Êâ‚¬ ğŸŒ,15206,1592,41478,139456,bindass,male,96
5ec97e2445aa29c1ab606ebf,mystylehfb,My Style,6291,6761,6866,14013,my,female,62
5ec97e2545aa29c1ab606ec0,zurkho1,garuzuko,102,729,5712,1235
5ec97e2645aa29c1ab606ec1,wrmly,WP Multi-language,2355,1352,30258,47216,wp,male,88
5ec97e2645aa29c1ab606ec2,maingid30,davie lastborn,24,100,41,34,davie,male,96
5ec97e2745aa29c1ab606ec3,bindass69,Â®Â¥à¹Ã¼&Êâ‚¬ ğŸŒ,15206,1592,41478,139456,bindass,male,96
5ec97e2845aa29c1ab606ec4,sahni4242,stay strong,52,103,2081,1844,sahni,female,53
5ec97e2845aa29c1ab606ec5,tdsbMsP,DianaPanagiotopoulos,730,295,9693,3452
5ec97e2945aa29c1ab606ec6,OperaNewsHubNG,Opera News Hub Nigeria,6410,17,577,6960,hub,male,94
5ec97e2a45aa29c1ab606ec7,liverpoolt1m9s,liverpoolfc19times,4199,4749,1211,520
5ec97e2a45aa29c1ab606ec8,CoronaLiveStats,Corona Live Stats,28,1,0,2638,corona,male,71
5ec97e2b45aa29c1ab606ec9,dovetailproject,The Dovetail Project,1526,1894,1949,8794,the,male,87
5ec97e2c45aa29c1ab606eca,DailyStar_Sport,Daily Star Sport,41261,636,150,116413,daily,female,100
5ec97e2d45aa29c1ab606ecb,luigi_m03,Luigi,27,104,337,442,luigi,male,99
5ec97e2d45aa29c1ab606ecc,CasaFinanceCity,Casablanca Finance City,8293,759,1161,4154,casablanca,male,74
5ec97e2e45aa29c1ab606ecd,elaine_costigan,Elaine Costigan,945,530,9792,4764,elaine,female,98
5ec97e2f45aa29c1ab606ece,fggssmbaa,à¹€à¸ªà¸·à¸­à¹ƒà¸«à¸à¹ˆà¹€à¸›à¹‡à¸™à¸«à¸¡à¸²à¸­à¹‰à¸§à¸‡à¸‡à¸‡à¸‡à¸‡,84,186,3167,9737
5ec97e3045aa29c1ab606ecf,gooddogsbot,gooddogs,230,1,0,15547
5ec97e3045aa29c1ab606ed0,haskell420,Edward Herrel,210,468,32945,30700,haskell,male,100
5ec97e3145aa29c1ab606ed1,ElynaWinchester,Elyna Winchester,3,9,87,7,elyna,female,96
5ec97e3145aa29c1ab606ed2,FOBKathua,Field Outreach Bureau,57,63,7782,4349,field,male,100
5ec97e3245aa29c1ab606ed3,wildmarshphoto,Wild Marsh Products,792,3719,66223,176729,marsh,male,74
5ec97e3345aa29c1ab606ed4,TheSheldonBrand,Sheldon Smith,1335,472,2682,16396,sheldon,male,99
5ec97e3345aa29c1ab606ed5,bettinaschroed5,Bettina Schroeder,91414,65935,518340,778628,bettina,female,98
5ec97e3445aa29c1ab606ed6,bettinaschroed5,Bettina Schroeder,91414,65935,518340,778628,bettina,female,98
5ec97e3545aa29c1ab606ed7,Dogonca_,Dogonca,54,287,4120,607
5ec97e3645aa29c1ab606ed8,RonSiliko,Ron Siliko,923,2788,7630,10805,ron,male,99
5ec97e3645aa29c1ab606ed9,RebeccaM_TKD,Rebecca Mcgowan,467,274,1103,455,rebecca,female,99
5ec97e3745aa29c1ab606eda,haskell420,Edward Herrel,210,468,32945,30700,haskell,male,100
5ec97e3845aa29c1ab606edb,Altor79256445,Altor,33,0,0,1567,altor,male,100
5ec97e3845aa29c1ab606edc,Induct_MLE_2021,""Fan Account ğŸ¸ RRHOF,3524,3300,111288,40108,fan,male,63
5ec97e3945aa29c1ab606edd,CoronaLiveStats,Corona Live Stats,28,1,0,2638,corona,male,71
5ec97e3945aa29c1ab606ede,SharonNever,Sharon Clark,127,151,11387,3319,sharon,female,96
5ec97e3a45aa29c1ab606edf,Shingo333333,ğŸŒ¿ğŸŒ¿ğŸŒ¿ ã‚¢ãƒ•ãƒ­ã¡ã‚ƒã‚“ ğŸŒ¿ğŸŒ¿ğŸŒ¿,5000,5104,321190,377437,shingo,male,99
5ec97e3b45aa29c1ab606ee0,farhanTG786,FarhanTG,626,181,7736,10760
5ec97e3c45aa29c1ab606ee1,MzzSek,Mzz_Sek,86,250,14715,20268
5ec97e3d45aa29c1ab606ee2,Mattl_w,Matthew Williams,1506,2599,1649,1290,matthew,male,100
5ec97e3d45aa29c1ab606ee3,SWETHATHYAGARAJ,DUDDUKURU THYAGARAJU,46,94,42435,53814,duddukuru,male,75
5ec97e3e45aa29c1ab606ee4,shutupshahbab,Shahbab Choudhury,235,211,4584,17330,shahbab,male,75
5ec97e3f45aa29c1ab606ee5,rrosen_italy,Robert Rosen,49,271,1574,902,robert,male,99
5ec97e3f45aa29c1ab606ee6,jimscorpy,Jimmy Chew,89,166,1910,3205,jimmy,male,98
5ec97e4045aa29c1ab606ee7,_partyfavor,Ğ­Ğ½Ñ€Ğ¸ÌĞºĞµ,151,74,1456,1663
5ec97e4145aa29c1ab606ee8,Meish52,Meish .. #FBPE,868,890,33060,36052,meish,male,67
5ec97e4245aa29c1ab606ee9,KWhitneyDaniels,K. Whitney-Daniels,327,407,3844,1415,whitney,female,95
5ec97e4345aa29c1ab606eea,RiteshVerma05,à¤°à¤¿à¤¤à¥‡à¤¶ à¤µà¤°à¥à¤®à¤¾ ğŸ‡®ğŸ‡³,112,150,7050,10203
5ec97e4345aa29c1ab606eeb,B_R_Johnston,Brian Johnston,580,604,2303,717,brian,male,99
5ec97e4445aa29c1ab606eec,AroniSteam,Aronissteam,57,333,15631,6777
5ec97e4545aa29c1ab606eed,StrategicEdgeIn,Strategic Edge Int.,37,125,38,83,int,male,66
5ec97e4545aa29c1ab606eee,AlangReo1,AlangMyrul_reo,220,525,421,386
5ec97e4645aa29c1ab606eef,The_aladeayo,AYO,463,321,140,33665,ayo,male,86
5ec97e4745aa29c1ab606ef0,Dingo_HR,Dinko DeÅ¡koviÄ‡,18,50,95,167,dinko,male,99
5ec97e4745aa29c1ab606ef1,PaolaBiodanza,Biodanza with Paola,362,567,1703,3913,biodanza,female,83
5ec97e4845aa29c1ab606ef2,WitnessingHist,Witnessing History Education Foundation Inc,724,1613,896,1485,inc,male,79
5ec97e4945aa29c1ab606ef3,BlessinOkoye,Blessing Okoye,200,140,1070,635,blessing,female,100
5ec97e4a45aa29c1ab606ef4,Glen_Moyo,Glenda,3243,4995,9679,4815,glenda,female,98
5ec97e4b45aa29c1ab606ef5,wm_noricha,ã®ã‚Šã¡ã‚ƒãğ“‚€,1392,941,41865,53568
5ec97e4b45aa29c1ab606ef6,RustyHeitz,Rusty Heitz,32,163,5959,395,rusty,male,95
5ec97e4c45aa29c1ab606ef7,mz_2mie,MOROLAKE,314,740,2637,711,morolake,female,100
5ec97e4d45aa29c1ab606ef8,CasaFinanceCity,Casablanca Finance City,8293,759,1161,4154,casablanca,male,74
5ec97e4d45aa29c1ab606ef9,lynnekinst,Lynne Kinst,348,710,2241,3580,lynne,female,99
5ec97e4e45aa29c1ab606efa,thecricketmen,TheCricketMen,439,381,744,2591
5ec97e4f45aa29c1ab606efb,celebesports_,Celebrity Esports,363,513,440,312,esports,male,67
5ec97e4f45aa29c1ab606efc,alanroyhocking,Alan Roy Hocking,3157,41,718,11284,alan,male,99
5ec97e5045aa29c1ab606efd,HanahShsus,Mike Bolt,70,117,7851,7337,mike,male,99
5ec97e5145aa29c1ab606efe,celebesports_,Celebrity Esports,363,513,440,312,esports,male,67
5ec97e5245aa29c1ab606eff,Kunsito4,Kunsito,3,30,338,401
5ec97e5345aa29c1ab606f00,pirateswag1,pirateswag@ntlworld.com,1347,1399,11275,14729,com,male,79
5ec97e5345aa29c1ab606f01,DArvindojha,DrARVINDOJHA,19,60,3,379
5ec97e5545aa29c1ab606f02,thirty30tennis,thirty30tennis,305,1142,1336,2797
5ec97e5645aa29c1ab606f03,DArvindojha,DrARVINDOJHA,19,60,3,379
5ec97e5745aa29c1ab606f04,CrOwnSphMinX,â™¥ï¸ #Maitreya #MysticalLaw ğŸ“¿ğŸ™ğŸ½â™¥ï¸âœ¨,1407,5000,12942,28110,maitreya,male,82
5ec97e5845aa29c1ab606f05,PantsIsBad,Pants is Bad,643,12,6,78286,is,male,71
5ec97e5845aa29c1ab606f06,CmdKolo,Command Kolo,16,73,27,14,kolo,male,84
5ec97e5945aa29c1ab606f07,Hd2pvmaSP7ul44v,ì´í˜„ì •,1,8,292,305
5ec97e5a45aa29c1ab606f08,Shingo333333,ğŸŒ¿ğŸŒ¿ğŸŒ¿ ã‚¢ãƒ•ãƒ­ã¡ã‚ƒã‚“ ğŸŒ¿ğŸŒ¿ğŸŒ¿,5000,5104,321190,377437,shingo,male,99
5ec97e5a45aa29c1ab606f09,ClassicFM943,Classic FM 94.3 Abuja,1310,827,1692,61435,fm,male,79
5ec97e5b45aa29c1ab606f0a,MaryaleeScarlet,Maryalee Scarlet,676,404,9625,32224,scarlet,female,99
5ec97e5c45aa29c1ab606f0b,janet_unsworth,Janet Unsworth,438,743,5763,1372,janet,female,98
5ec97e5c45aa29c1ab606f0c,normawright43,Norma Wright,4271,4200,115355,119005,norma,female,98
5ec97e5d45aa29c1ab606f0d,1980jul,laura naylor,9,75,36,145,jul,male,74
5ec97e5e45aa29c1ab606f0e,wheneveryousay,simplemen,591,687,93346,104495,simplemen,female,75
5ec97e5e45aa29c1ab606f0f,Juanchosuru_,Juan.,124,220,2940,30703,juan,male,98
5ec97e5f45aa29c1ab606f10,year9jmclasscgb,year9jmclasscgb,3,0,8,17
5ec97e6045aa29c1ab606f11,_camtono,mal,287,384,5216,4292,mal,male,74
5ec97e6045aa29c1ab606f12,pboroplayers,Peterborough Players,667,200,54,1642,peterborough,male,64
5ec97e6145aa29c1ab606f13,allesio013,alessio romagnoli,20,41,11485,6470,allesio,male,100
5ec97e6245aa29c1ab606f14,DExpress_Sport,Express Sport,55439,421,127,157642
5ec97e6345aa29c1ab606f15,normawright43,Norma Wright,4271,4200,115355,119005,norma,female,98
5ec97e6345aa29c1ab606f16,GlenDhliwayo,El Professor ğŸ‡¿ğŸ‡¼ğŸ‡¨ğŸ‡³ğŸ‡¬ğŸ‡§ âœ°,21689,5473,51822,35460,el,male,87
5ec97e6445aa29c1ab606f17,NestonParkGPol,Neston & Parkgate Police,218,1,2,486,neston,male,90
5ec97e6545aa29c1ab606f18,TheLastPirateLA,BonnieLynn ğŸ€ğŸ¥,80882,13309,72825,305153
5ec97e6545aa29c1ab606f19,dombane9,Slobodan MLADIC,1071,2869,25418,20801,slobodan,male,99
5ec97e6645aa29c1ab606f1a,lisandraar34,Lisandra Alvarez Rodriguez,1493,2122,2851,3544,lisandra,female,98
5ec97e6745aa29c1ab606f1b,StirMixxalot,Top$$helfğŸ¸,10499,9769,350412,143861,top,male,89
5ec97e6745aa29c1ab606f1c,dinllepark,Dinlle Caravan Park,112,123,84,76,caravan,male,90
5ec97e6845aa29c1ab606f1d,Griezmann_yab,Ù…Ø¨Ø§Ø±Ùƒ Ù¡Ù¤ğŸ‘‘,990,933,46585,50658
5ec97e6945aa29c1ab606f1e,EximDance,Exim Dance Company CIC,1700,1651,1039,3411,exim,male,73
5ec97e6945aa29c1ab606f1f,HowToKeepYrJob,How To Keep Your Job,989,841,2383,16907,how,male,86
5ec97e6a45aa29c1ab606f20,GfdKara,Kara_GFD,0,10,0,17
5ec97e6b45aa29c1ab606f21,Danim4Creators,Danim for Creators,37,70,57,27,danim,male,77
5ec97e6b45aa29c1ab606f22,SaahoDeepak,Deepak Saaho,2,42,242,42,deepak,male,100
5ec97e6c45aa29c1ab606f23,SallyMoen2,Sally Moen,973,683,277825,278060,sally,female,97
5ec97e6d45aa29c1ab606f24,PurpleUniGroup,Purple Universe Group,98,184,191,299
5ec97e6d45aa29c1ab606f25,CoronaLiveStats,Corona Live Stats,28,1,0,2638,corona,male,71
5ec97e6e45aa29c1ab606f26,CzAdrianj,Adrian Cruz,21,44,2,48,adrian,male,98
5ec97e6f45aa29c1ab606f27,CasesCovid19,CasesCovid19,3,0,0,13311
5ec97e6f45aa29c1ab606f28,AWCAA,African Women's Cancer Awareness Association,112,90,70,756
5ec97e7045aa29c1ab606f29,daveSeg47,Oluwasegun Omole,10,67,101,92,oluwasegun,male,99
5ec97e7245aa29c1ab606f2a,CountryMeridian,Country Inn & Suites by Radisson,60,0,0,1141,inn,male,50
5ec97e7245aa29c1ab606f2b,247work,Tiana,1477,4666,7298,69727,tiana,female,98
5ec97e7345aa29c1ab606f2c,DieMulle,Margrit Koschut,55,194,6138,2213,margrit,female,99
5ec97e7445aa29c1ab606f2d,warkslibraries,Warwickshire Libraries,3489,1773,4741,18271
5ec97e7545aa29c1ab606f2e,infofifa3,info fifa,549,84,1,36035,info,male,77
5ec97e7545aa29c1ab606f2f,unsilencevoices,Unsilenced Voices,179,423,441,914
5ec97e7645aa29c1ab606f30,CISHagerstown,Country Inn & Suites by Radisson,48,112,0,510,inn,male,50
5ec97e7745aa29c1ab606f31,MmuiWabatho,Ota Benga,687,446,8976,14765,ota,male,93
5ec97e7745aa29c1ab606f32,Kelvin63815676,kelvin kamau,33,269,23,17,kelvin,male,99
5ec97e7845aa29c1ab606f33,bymindwy,MINDWY,266,137,1214,1769
5ec97e7945aa29c1ab606f34,RErbium,ruthenium erbium ğŸŒ¿,118,527,8100,2847,erbium,male,75
5ec97e7945aa29c1ab606f35,Dingo_HR,Dinko DeÅ¡koviÄ‡,18,50,95,167,dinko,male,99
5ec97e7a45aa29c1ab606f36,ChampionUSA,ChampionUSA,47870,2902,3016,5893
5ec97e7b45aa29c1ab606f37,Kent_M_Brown,Kent Masterson Brown,395,858,1214,362,kent,male,98
5ec97e7c45aa29c1ab606f38,booktheboat,BooktheBoat,96,34,15,1075
5ec97e7c45aa29c1ab606f39,LISDSanchezOcho,SanchezOchoa Elem,253,67,706,1105,elem,female,86
5ec97e7d45aa29c1ab606f3a,Ismaeal_babah,Mr Inside life ğŸ”´,332,321,26818,17515,mr,male,98
5ec97e7e45aa29c1ab606f3b,ColinFrizzell,Colin Frizzell,442,782,2585,7314,colin,male,99
5ec97e7e45aa29c1ab606f3c,the_only_smoo,Smoo,106,1282,197126,5314,smoo,male,69
5ec97e7f45aa29c1ab606f3d,TopMostShop,TopMostShop,3478,4685,86,150403
5ec97e8045aa29c1ab606f3e,_joddyg,J. Scott Green,305,213,2048,13651,scott,male,100
5ec97e8045aa29c1ab606f3f,RolfzenClare,Clare Rolfzen,5047,5387,43410,39766,clare,female,98
5ec97e8145aa29c1ab606f40,vipvishal12,Vishal.,12,272,3852,473,vishal,male,100
5ec97e8245aa29c1ab606f41,ShawnaSummers18,Shawna Summers,437,178,42644,2737,shawna,female,98
5ec97e8345aa29c1ab606f42,NolesBelson,Belson Noles,393,1840,1646,36567,belson,male,94
5ec97e8445aa29c1ab606f43,BadGirlRe,RğŸ¦‹ğŸŒ»âœ¨,870,423,103795,97160
5ec97e8445aa29c1ab606f44,HMeer2010,Helen Meerschaert,313,947,36085,13287,helen,female,98
5ec97e8545aa29c1ab606f45,BadGirlRe,RğŸ¦‹ğŸŒ»âœ¨,870,423,103795,97160
5ec97e8645aa29c1ab606f46,troylib,troylib,956,334,120,2490
5ec97e8645aa29c1ab606f47,_africangiant,al capone,1974,1616,15284,39382,al,male,91
5ec97e8745aa29c1ab606f48,HarrietStevoOT,Harriet Stephenson,31,110,8,4,harriet,female,96
5ec97e8845aa29c1ab606f49,JaredLaurie,Jared Laurie,1005,445,84603,40800,jared,male,99
5ec97e8945aa29c1ab606f4a,selewan_,Jusili,237,83,188,19038
5ec97e8a45aa29c1ab606f4b,Matty_Travers,Matthew Travers,181,211,887,3155,matthew,male,100
5ec97e8b45aa29c1ab606f4c,JaredLaurie,Jared Laurie,1005,445,84603,40800,jared,male,99
5ec97e8c45aa29c1ab606f4d,secysherry,Sherry,126,87,24313,1480,sherry,female,94
5ec97e8c45aa29c1ab606f4e,realCthepower,Cheryl ğŸ•œ â­ï¸â­ï¸â­ï¸,753,690,16322,11282,cheryl,female,98
5ec97e8d45aa29c1ab606f4f,mutsa44,Mutsa,13,64,753,296,mutsa,female,55
5ec97e8e45aa29c1ab606f50,PaulBrownEFC,Paul Brown,4409,4271,36591,61026,paul,male,99
5ec97e8e45aa29c1ab606f51,devonwithkids,devonwithkids,81,382,579,526
5ec97e8f45aa29c1ab606f52,DavidMa21410608,lastborn,12,102,76,55,lastborn,male,90
5ec97e9045aa29c1ab606f53,Nicolas19119859,Nicolas Gomez,2,82,419,4,nicolas,male,99
5ec97e9145aa29c1ab606f54,emekaahanonu,Emeka Ahanonu,2436,4419,24339,36244,emeka,male,98
5ec97e9145aa29c1ab606f55,_ukactive,ukactive,30322,8819,22840,55314
5ec97e9245aa29c1ab606f56,_norfolkprop,Norfolk Property,763,1042,517,5399,norfolk,male,92
5ec97e9345aa29c1ab606f57,kanzen_radio,Kanzen Records Radio,716,41,17,54883,kanzen,male,100
5ec97e9345aa29c1ab606f58,Maheshf85945896,Maheshfan,11,17,446,2501
5ec97e9445aa29c1ab606f59,official_Dr0207,Clixisdad,4,60,197,16
5ec97e9545aa29c1ab606f5a,tochi_ruth,TeeCeyğŸ’ƒğŸ›¡,761,697,11066,2478,teecey,male,75
5ec97e9545aa29c1ab606f5b,vitchimusiq,OriginalBadBoy,488,624,1203,3394
5ec97e9645aa29c1ab606f5c,DeuceBeGoinIn,Papa Deuce,1043,524,692,12356,papa,male,92
5ec97e9745aa29c1ab606f5d,kanuti1977,Fco JesÃºsğŸ¤˜,703,317,428596,128706,kanuti,male,100
5ec97e9745aa29c1ab606f5e,IhadaStream,iiSenPai,1677,4403,628,1056
5ec97e9945aa29c1ab606f5f,CallMeCharmin,Dieu DonnÃ©,669,468,4533,32586,dieu,male,56
5ec97e9a45aa29c1ab606f60,JujuThe3rd,Bantu Warrior King ğŸ’ğŸ‡¨ğŸ‡©xğŸ‡¨ğŸ‡¦,2004,1667,100068,91896,bantu,male,94
5ec97e9b45aa29c1ab606f61,IamKumbi,Don Kumbi ğŸ¦,1802,435,3558,19829,don,male,98
5ec97e9b45aa29c1ab606f62,MehmetO33440789,Mehmet Orhan,683,694,216896,162534,mehmeto,male,75
5ec97e9c45aa29c1ab606f63,_ianMD,81.,506,523,139,56782
5ec97e9d45aa29c1ab606f64,pranggiint,à¸à¸£à¸°à¸•à¹ˆà¸²à¸¢à¸„à¸´à¸¡ğŸ˜ˆâ™¡,101,353,19408,36765
5ec97e9d45aa29c1ab606f65,cris_hoskin,Cris Hoskin,463,171,26049,8811,cris,female,65
5ec97e9e45aa29c1ab606f66,thecricketmen,TheCricketMen,439,381,744,2591
5ec97e9f45aa29c1ab606f67,TorontoFC,Toronto FC,411797,8118,6621,64260,toronto,male,80
5ec97e9f45aa29c1ab606f68,otiose94,otiose94,6980,2153,24485,484413
5ec97ea045aa29c1ab606f69,MrPabloSantos,Mr Pablo Santos,40518,40539,128224,150213,mr,male,98
5ec97ea145aa29c1ab606f6a,JayInDetroit,Jay Peters,456,1006,818,1323,jay,male,93
5ec97ea245aa29c1ab606f6b,KadyMiddleton,Kady Middleton,1819,304,3600,1224,kady,female,88
5ec97ea245aa29c1ab606f6c,Abdullah7Alo,abdullah Alotaibi,13,225,62,315,abdullah,male,98
5ec97ea345aa29c1ab606f6d,apwpoet,Scott Reid,5191,5648,13353,33882,scott,male,100
5ec97ea445aa29c1ab606f6e,CoSpaces_Edu,CoSpaces Edu,13502,2721,14115,9974,edu,male,98
5ec97ea545aa29c1ab606f6f,Yungbossxclusiv,adeDAMOLA,490,856,450,12704,adedamola,male,88
5ec97ea545aa29c1ab606f70,DustinMast29,Dustin Mast,261,205,1,26,dustin,male,100
5ec97ea645aa29c1ab606f71,FidyAnas,Fidy Anas,300,200,14,131398,fidy,male,82
5ec97ea745aa29c1ab606f72,graemefancourt,Graeme Fancourt,1173,594,5537,8366,graeme,male,99
5ec97ea745aa29c1ab606f73,aspitweets,Thomas Sutcliffe,5215,5719,13902,107619,thomas,male,99
5ec97ea845aa29c1ab606f74,GranniesGems,Grannie G,88,253,11696,3536,grannie,female,67
5ec97ea945aa29c1ab606f75,funkyguy32,Kingcuni,208,2908,17882,3810,funkyguy,male,75
5ec97ea945aa29c1ab606f76,emilybader,Emily Bader,1771,1450,5839,8030,emily,female,98
5ec97eaa45aa29c1ab606f77,autismafter18,Karyn Day,85,159,149038,24046,karyn,female,97
5ec97eab45aa29c1ab606f78,aspitweets,Thomas Sutcliffe,5215,5719,13902,107619,thomas,male,99
5ec97eac45aa29c1ab606f79,Amakomjoeyb,AMAKOM JOEY B(Parker)ğŸ‘‘ğŸ”‘ğŸ™ğŸ¾ğŸŒğŸ‡¬ğŸ‡­ğŸ‡¿ğŸ‡¦,1838,1812,53575,24204,joey,male,86
5ec97eac45aa29c1ab606f7a,arriegua78,maria carmo,6792,7512,19316,100896,maria,female,97
5ec97ead45aa29c1ab606f7b,TayyabaWaqas94,Iâ€™m Tayyaba WaqasğŸ’,19314,12332,28248,241561,tayyaba,female,94
5ec97eae45aa29c1ab606f7c,ladyp510,Pernella B.,267,973,713,3652,ladyp,female,100
5ec97eae45aa29c1ab606f7d,GGiggias,Gifts By Giggias,2,2,4,326,gift,female,100
5ec97eaf45aa29c1ab606f7e,somegoodnews,Some Good News,192072,75,3888,1190
5ec97eb045aa29c1ab606f7f,StarkeyInc,Starkey Inc.,927,420,299,1953,starkey,male,64
5ec97eb045aa29c1ab606f80,BoriquaGoddess,Domestic GoddessğŸ‡ºğŸ‡¸,4816,4002,87446,416148,goddess,female,95
5ec97eb145aa29c1ab606f81,aspitweets,Thomas Sutcliffe,5215,5719,13902,107619,thomas,male,99
5ec97eb245aa29c1ab606f82,MrMondoCane,Mr.MondoCane,0,0,0,32,mr,male,98
5ec97eb245aa29c1ab606f83,Lanny691,Lanny69,52,282,1494,690,lanny,female,61
5ec97eb345aa29c1ab606f84,Tayyaba__94,â¤ï¸KHOğŸ…±ğŸ…°NiğŸ§¸ğŸ’«,85191,84629,194549,609901,kho,male,73
5ec97eb445aa29c1ab606f85,NotBarry97,RAGHJ,20,34,3369,2456
5ec97eb445aa29c1ab606f86,aspitweets,Thomas Sutcliffe,5215,5719,13902,107619,thomas,male,99
5ec97eb545aa29c1ab606f87,Amakomjoeyb,AMAKOM JOEY B(Parker)ğŸ‘‘ğŸ”‘ğŸ™ğŸ¾ğŸŒğŸ‡¬ğŸ‡­ğŸ‡¿ğŸ‡¦,1838,1812,53575,24204,joey,male,86
5ec97eb645aa29c1ab606f88,skeletond100,The Lazy Skeleton æ­£ä¸» ğŸ‡°ğŸ‡·ğŸ‡ºğŸ‡¸â¤ï¸ğŸ’€,2545,4549,23738,3664,the,male,87
5ec97eb645aa29c1ab606f89,Pepejrking,Pepe Jr,67,544,9232,9369,pepe,male,95
5ec97eb745aa29c1ab606f8a,SupStreamersRT2,SocialLinks.co,20211,8179,637,1091595,co,male,56
5ec97eb845aa29c1ab606f8b,ZahirYossef,saint.,493,226,1317,37643,saint,male,92
5ec97eb845aa29c1ab606f8c,Tayyaba__94,â¤ï¸KHOğŸ…±ğŸ…°NiğŸ§¸ğŸ’«,85191,84629,194549,609901,tayyaba,female,80
5ec97eb945aa29c1ab606f8d,JULIE3692YNWA,Jules LFC* ğŸ”´ğŸ’šâ“‹ğŸ´ó §ó ¢ó ·ó ¬ó ³ó ¿â­â­â­â­â­â­,7349,6755,69605,18018,jules,male,86
5ec97eba45aa29c1ab606f8e,aspitweets,Thomas Sutcliffe,5215,5719,13902,107619,thomas,male,99
5ec97eba45aa29c1ab606f8f,jackson32343039,æ–©ç˜Ÿç¥,124,63,32321,12432,jackson,male,98
5ec97ebb45aa29c1ab606f90,Johnnyfnb2,Johnnyfnb,26,314,728,756
5ec97ebc45aa29c1ab606f91,kanuti1977,Fco JesÃºsğŸ¤˜,703,317,428596,128706,kanuti,male,100
5ec97ebc45aa29c1ab606f92,LivingCozy,Living Cozy ğŸ‘¼ğŸ’—ğŸ¡ğŸ’—ğŸ‘¼,2038,2703,52792,28145,cozy,male,68
5ec97ebd45aa29c1ab606f93,PenelopeRuzy,Rock & Tattoo Lady,20115,15666,55892,191603,rock,male,100
5ec97ebe45aa29c1ab606f94,CameronNiesman,Cam Cam,146,339,8830,2368,cam,male,69
5ec97ebe45aa29c1ab606f95,frans_nijhof,Frans Nijhof,481,476,1179,4303,frans,male,98
5ec97ebf45aa29c1ab606f96,aspitweets,Thomas Sutcliffe,5215,5719,13902,107619,thomas,male,99
5ec97ec045aa29c1ab606f97,aspitweets,Thomas Sutcliffe,5215,5719,13902,107619,thomas,male,99
5ec97ec045aa29c1ab606f98,kraljski,Craig,2864,1027,2484,123609,craig,male,100
5ec97ec145aa29c1ab606f99,amitkk1,Amit K Khanchandani,99,135,268,558,amit,male,99
5ec97ec245aa29c1ab606f9a,rfren07,Rfren07â­â­â­,2121,4681,86850,75866
5ec97ec245aa29c1ab606f9b,aspitweets,Thomas Sutcliffe,5215,5719,13902,107619,thomas,male,99
5ec97ec345aa29c1ab606f9c,Nseoa14,Moses Nsereko,721,508,14881,9168,moses,male,99
5ec97ec445aa29c1ab606f9d,laurenlcorbin4,laurenlcorbin,82,336,14845,8338,cae,male,73
5ec97ec445aa29c1ab606f9e,musebbar,Musebbar,27,50,683,763
5ec97ec545aa29c1ab606f9f,contrary_hoff,TheWrathofCon ğŸ˜·ğŸ°ğŸ¨ğŸ“·ğŸ”­ğŸ‘©â€ğŸŒ¾ğŸ“–ğŸ›¶#DemCastOH,7255,7739,18056,12890,ud,male,85
5ec97ec645aa29c1ab606fa0,aspitweets,Thomas Sutcliffe,5215,5719,13902,107619,thomas,male,99
5ec97ec645aa29c1ab606fa1,HeartBrokenArt1,HeartBrokenArtistStudio,0,2,0,8
5ec97ec745aa29c1ab606fa2,thecricketmen,TheCricketMen,439,381,744,2591,men,male,100
5ec97ec845aa29c1ab606fa3,Bighead344,Bighead,930,1030,50911,23597,bighead,male,87
5ec97ec845aa29c1ab606fa4,TheOtherMessi,Usmaan,528,395,11596,6109,usmaan,male,100
5ec97ec945aa29c1ab606fa5,geturshittgtffs,buffbabyy,23,23,112,213
5ec97eca45aa29c1ab606fa6,wshawn527,Shawn D. MainMan,963,2438,49476,20614,shawn,male,93
5ec97eca45aa29c1ab606fa7,SonOfMMonroe,SonOfMMonroe,3578,4994,27106,42532,son,male,100
5ec97ecb45aa29c1ab606fa8,muhdgr016,MR ROOM WIDEğŸ‘€,504,233,31183,32259,mr,male,98
5ec97ecd45aa29c1ab606fa9,KelvinNanaAdu1,Kelvin Liitle ğŸ»ğŸ˜‡ğŸ˜‡ğŸ˜‡,92,948,4191,4025,kelvin,male,99
5ec97ece45aa29c1ab606faa,KJaydeux,Smileyâ€™s People,69,394,2345,3301,smiley,male,51
5ec97ecf45aa29c1ab606fab,MariferMC2,Marifer Moncada,170,1139,57287,24808,marifer,female,98
5ec97ed045aa29c1ab606fac,FA5353AF,Faisal,110,284,3643,17013,faaf,male,91
5ec97ed145aa29c1ab606fad,EurovisionWolf,Wolfgang #TeamESCğŸ‡®ğŸ‡¹ğŸ‡³ğŸ‡´ğŸ‡¨ğŸ‡­ğŸ’•,751,603,20348,16248,wolfgang,male,99
5ec97ed145aa29c1ab606fae,khilen_shah,Khilen Shah,15,213,32769,23520,khilen,male,100
5ec97ed245aa29c1ab606faf,WorplesdonPC,Worplesdon Parish Council,57,41,150,219,parish,male,100
5ec97ed345aa29c1ab606fb0,chef_bennym,Benny Masekwameng,7281,459,2861,2826,benny,male,94
5ec97ed345aa29c1ab606fb1,ZornDirk,Dirk Zorn,482,610,2533,2734,dirk,male,99
5ec97ed445aa29c1ab606fb2,JohnMartini3,NYC Mind Expansion,4036,3317,12227,58995,nyc,male,74
5ec97ed545aa29c1ab606fb3,16Robert67,robert,73,64,3678,3333,robert,male,99
5ec97ed645aa29c1ab606fb4,bbnglasgow,bbnglasgow,653,574,386,1807
5ec97ed645aa29c1ab606fb5,khansportz,B  A,362,193,1330,6536
5ec97ed845aa29c1ab606fb6,forthepurr,TheLoveofCats,432,606,14262,8890
5ec97ed845aa29c1ab606fb7,SuAlderson,Honeysuckle Cottage,734,329,22314,13623,honeysuckle,female,100
5ec97eda45aa29c1ab606fb8,code_dot,Code Dot,17,67,2312,1050,dot,female,69
5ec97edb45aa29c1ab606fb9,greer_zyl,Greer Van Zyl,3,9,464,164,greer,female,78
5ec97edb45aa29c1ab606fba,RoAungSan1,Ro Aung San,30,218,7,113,ro,male,53
5ec97edc45aa29c1ab606fbb,WorkInjuryESQ,Fletcher Brown,118,234,1707,2579,fletcher,male,99
5ec97edd45aa29c1ab606fbc,BlueJay58523226,The Blue Jay Times,178,242,31054,18935,the,male,87
5ec97edd45aa29c1ab606fbd,disruptordavies,Cllr Jonathan Davies #PuttingCumbriaFirst,2034,4534,13109,17363,cllr,male,75
5ec97ede45aa29c1ab606fbe,FaragoAdi,Adi Farago,12,155,3052,708,adi,male,92
5ec97edf45aa29c1ab606fbf,Sylveon_Ads,Sometimes u just be vegatable,27,450,8253,3685,be,male,55
5ec97edf45aa29c1ab606fc0,RonaldVgx,Ronald,8,69,5598,2129,ronald,male,99
5ec97ee045aa29c1ab606fc1,StuartLFC96,Stuart #StayHome ğŸ ,5,20,115,1363,stuart,male,99
5ec97ee145aa29c1ab606fc2,TamsterzTJ,á´›á´Š É´Éªá´…ÊœÉªÉ´ á´‹á´œÊ€Éªá´€á´‹á´êœ±á´‡,830,372,31300,36721
5ec97ee145aa29c1ab606fc3,JohnMartini3,NYC Mind Expansion,4036,3317,12227,58995,nyc,male,74
5ec97ee245aa29c1ab606fc4,Co0kieBoy,Patryk Zalewski,0,50,2,46,patryk,male,99
5ec97ee345aa29c1ab606fc5,feverandfuss,Justin White (he/him),80,425,6135,2023,justin,male,98
5ec97ee445aa29c1ab606fc6,r3mymg,Oluwaremilekun ğŸ•Š,812,231,3112,6506,oluwaremilekun,female,59
5ec97ee445aa29c1ab606fc7,drchrisahmad,Dr. Chris Ahmad,3446,5001,3096,1200,dr,male,91
5ec97ee545aa29c1ab606fc8,r3mymg,Oluwaremilekun ğŸ•Š,812,231,3112,6506,oluwaremilekun,female,59
5ec97ee645aa29c1ab606fc9,nightnurs3,Claire Mahon CoachğŸ˜· #stayhomesavelives #washhands,1101,1886,7263,15171,claire,female,98
5ec97ee645aa29c1ab606fca,jhainley1,Cactus,3881,394,269022,369330,cactus,male,59
5ec97ee745aa29c1ab606fcb,bbcjohnmurray,John Murray,20569,809,2381,3138,john,male,99
5ec97ee845aa29c1ab606fcc,painsworth512,Phony Parker,276,806,15532,21734,parker,male,92
5ec97ee845aa29c1ab606fcd,JohnMartini3,NYC Mind Expansion,4036,3317,12227,58995,nyc,male,74
5ec97ee945aa29c1ab606fce,LadyWesner,ÊŸÉªÉ´á´…sá´€Ê á´¡á´‡sÉ´á´‡Ê€,3614,3429,18585,12406
5ec97eea45aa29c1ab606fcf,cristina3popa,Cristina Popa,55,210,65363,120190,cristina,female,98
5ec97eea45aa29c1ab606fd0,mmolaigaone,G.A.O.N.EğŸ‡§ğŸ‡¼,3703,3278,4695,210732
5ec97eeb45aa29c1ab606fd1,lifeslurp,LifeSlurp,110,287,2,806
5ec97eec45aa29c1ab606fd2,ShogunXCIV,ShogunXCIV,66,173,87656,82952
5ec97eed45aa29c1ab606fd3,jhainley1,Cactus,3881,394,269022,369330,cactus,male,59
5ec97eed45aa29c1ab606fd4,jhainley1,Cactus,3881,394,269022,369330,cactus,male,59
5ec97eee45aa29c1ab606fd5,Amakomjoeyb,AMAKOM JOEY B(Parker)ğŸ‘‘ğŸ”‘ğŸ™ğŸ¾ğŸŒğŸ‡¬ğŸ‡­ğŸ‡¿ğŸ‡¦,1838,1812,53575,24203,joey,male,86
5ec97eef45aa29c1ab606fd6,MAfia_zody,Mafia President ğŸ•µ,107,489,3765,1087,mafia,male,88
5ec97eef45aa29c1ab606fd7,IncreaserB,MatsananaJB,2422,5003,19408,9979
5ec97ef045aa29c1ab606fd8,smolbribri,umeeeğŸˆğŸ”,2359,838,140678,110114
5ec97ef145aa29c1ab606fd9,BearMcLoughlin,Barry McLoughlin,1847,2913,3367,3829,barry,male,98
5ec97ef145aa29c1ab606fda,muhdgr016,MR ROOM WIDEğŸ‘€,504,233,31183,32259
5ec97ef245aa29c1ab606fdb,1132Zoom2282,Jo,115,757,20218,12094,zoom,male,86
5ec97ef345aa29c1ab606fdc,arishikalee1197,â€¢â€â€¢ SÎ±ÏÎ¹É³Î± RÎ±Ô‹É±Î± AÉ±Î±Ê…Î¹Î± â€¢â€â€¢,189,11,92,18573
5ec97ef445aa29c1ab606fdd,101Woodworking,Woodworking Projects 101,115,11,0,259
5ec97ef445aa29c1ab606fde,rozharlem45,RosallynğŸ—½ğŸ³ï¸â€ğŸŒˆ,2768,3523,32433,39884,rosallyn,female,75
5ec97ef545aa29c1ab606fdf,BakerLackey,@PeterBakerBooks @EarthsCallBooks,4543,4989,15424,10371
5ec97ef645aa29c1ab606fe0,Comichaus,Comichaus,3214,4032,3692,3373
5ec97ef645aa29c1ab606fe1,diyosemitepark,Days Inn Chowchilla,35,128,0,662,day,female,52
5ec97ef845aa29c1ab606fe2,FairfieldInnORL,Fairfield Inn & Suites Orlando International Drive,65,131,0,858,fairfield,male,63
5ec97ef845aa29c1ab606fe3,AleeshaHansel1,Aleesha,1105,1465,1498,2004,aleesha,female,98
5ec97ef945aa29c1ab606fe4,spyderharrison,spYder harrison,62732,33216,13228,21943,spyder,male,94
5ec97ef945aa29c1ab606fe5,Master__Wizard,â™¦ï¸â™ ï¸ ğ—”ğ—ğ—›ğ—œğ—Ÿ(à´…à´–à´¿àµ½) á´¹âˆ†Ë¢áµ€á´±á´¿ áµ€Ê°áµƒË¡áµƒáµ–áµƒáµ—Ê°Ê¸â´â¶ğŸ©â™¥ï¸âš½â,2960,3013,59277,68697
5ec97efa45aa29c1ab606fe6,KatieChoong,KatieChoong,74,47,1898,2758
5ec97efb45aa29c1ab606fe7,AvonBlack,Avondhu Blackwater,791,138,172,2439
5ec97efb45aa29c1ab606fe8,azfuncouple,azfuncouple,17596,894,233,7146
5ec97efc45aa29c1ab606fe9,gegenpresser21,Steve,2087,3482,56491,64499,steve,male,99
5ec97efd45aa29c1ab606fea,stayevt,ğŸ˜ˆ à¸ªà¸•à¸µà¸Ÿà¸£à¸±à¸à¹€à¸”à¸ªà¸´à¹‰à¸,75,357,141,90957
5ec97efe45aa29c1ab606feb,BrendaOf6,Brenda ğŸŒŠ,1646,1971,143077,92746,brenda,female,98
5ec97efe45aa29c1ab606fec,MlleBibibibibi,StelinağŸ‡¬ğŸ‡¦,396,2285,109411,105488,stelina,female,98
5ec97eff45aa29c1ab606fed,PrivateTiago2,Tiago Loves C.R.OğŸ’”,231,230,5800,6876,tiago,male,99
5ec97f0045aa29c1ab606fee,ChemistChef,Kelsey Bruce,143,297,10789,524,kelsey,female,96
5ec97f0045aa29c1ab606fef,AlluAswinHere,ICON Allu Aswinâ„¢,1331,1110,43966,74699,allu,male,85
5ec97f0145aa29c1ab606ff0,FranOmega,Fran EstÃ©vez ğŸ‡ªğŸ‡¸ğŸ‡¦ğŸ‡¹,3350,2950,59198,55917,fran,male,87
5ec97f0245aa29c1ab606ff1,MusicEducatio10,Music Education Partnership Group,818,664,831,920
5ec97f0245aa29c1ab606ff2,HillstoDowns,SurreyHillstoSouthDowns,228,861,1965,1337
5ec97f0345aa29c1ab606ff3,BgSnezana,SnezanağŸŒ·,70354,64431,330739,341427,snezana,female,98
5ec97f0445aa29c1ab606ff4,BgSnezana,SnezanağŸŒ·,70354,64431,330739,341427,snezana,female,98
5ec97f0445aa29c1ab606ff5,factspusher,ğŸ™‹ğŸ»â€â™€ï¸Ella Diaz ğŸ‡µğŸ‡·,1661,4994,83786,17122,ella,female,98
5ec97f0545aa29c1ab606ff6,Mo0__3,Ù…Ø­Ù…Ø§Ø§Ø§Ù‡ ğŸ‘‘ğŸ‡¦ğŸ‡¹,712,922,30655,5023
5ec97f0645aa29c1ab606ff7,MHussein_FCB,Mohamed Hussein,285,193,4052,40314,mohamed,male,98
5ec97f0645aa29c1ab606ff8,SaintAmish,Brendan Allen,246,1169,13471,2247,brendan,male,99
5ec97f0745aa29c1ab606ff9,ClassicFM943,Classic FM 94.3 Abuja,1310,828,1692,61436,fm,male,79
5ec97f0845aa29c1ab606ffa,ismiseliam,Liam Tunney,1002,2767,21607,12334,liam,male,99
5ec97f0945aa29c1ab606ffb,spiritchaser16,A M,7,61,1622,892
5ec97f0a45aa29c1ab606ffc,Lisa_McNally1,Lisa McNally,4377,3469,13506,13587,lisa,female,98
5ec97f0a45aa29c1ab606ffd,Just_Smallz,SC,71,63,706,2618,sc,male,73
5ec97f0b45aa29c1ab606ffe,Saravanasendur1,â™¥_Senduran_Vijay_â™¥,152,682,19399,17096
5ec97f0c45aa29c1ab606fff,steedmrspeel,Cindy Walas,2008,1570,225837,128914,cindy,female,98
5ec97f0d45aa29c1ab607000,RickToney01,Rick Toney,5257,4662,229,122672,rick,male,99
5ec97f0d45aa29c1ab607001,AbKumar18,à¤…à¤­à¤¿à¤·à¥‡à¤• à¤®à¥Œà¤°à¥à¤¯,83,87,6517,863,kumar,male,90
5ec97f0e45aa29c1ab607002,BreenOlivia,oliviabreen,10268,1440,10887,9283,olivia,female,98
5ec97f0f45aa29c1ab607003,CosoroRadio,Cosoro Radio UK,65662,45145,202370,471019,uk,male,84
5ec97f0f45aa29c1ab607004,bretonne58,ğŸ’§Marie-Helene,245,1563,7790,3710,bretonne,female,100
5ec97f1045aa29c1ab607005,Lingvist,Lingvist,2621,605,2128,2602,lingvist,male,75
5ec97f1145aa29c1ab607006,88Masada,masada 88,271,1292,35723,15450,masada,male,64
5ec97f1145aa29c1ab607007,vincentamp,Hiden Aruto,506,405,4773,24640,hiden,male,70
5ec97f1245aa29c1ab607008,MaithaKarisa,Chifu Maitha Karisa,633,829,6467,21120,chifu,male,60
5ec97f1345aa29c1ab607009,WFireflies,Walking Sticks and Fireflies,739,860,6307,2341,and,male,84
5ec97f1345aa29c1ab60700a,chrisMamahit1,Chris Mamahit,29,84,3809,5368,chris,male,93
5ec97f1445aa29c1ab60700b,pithyandwitty,CNN is a dumpster fire,306,782,16593,17056,cnn,female,55
5ec97f1545aa29c1ab60700c,RochdaleCouncil,Rochdale Council,21034,994,9149,31151,rochdale,male,100
5ec97f1645aa29c1ab60700d,hammody828,Ø§Ø­Ù…Ø¯ # L31Messi â˜€ï¸,1100,1710,9118,65766,hammody,male,96
5ec97f1645aa29c1ab60700e,yellkoo,yellko,88,69,26,861,yellkoo,male,79
5ec97f1745aa29c1ab60700f,__3li11,3Î¹Î¯ Ğ½Ï…ssÎ±Î¹Î· â™ª,125,370,780,1616
5ec97f1845aa29c1ab607010,Fatmahemisa1,Fatma Lotfi,615,4974,5331,2959,fatma,female,97
5ec97f1945aa29c1ab607011,Ekenobi_AlexP,AlexPedro,142,98,169,426,alexpedro,male,75
5ec97f1945aa29c1ab607012,Co0kieBoy,Patryk Zalewski,0,50,2,46,patryk,male,99
5ec97f1a45aa29c1ab607013,itsboobam,Boobam the corgi,9,26,3,18,the,male,87
5ec97f1a45aa29c1ab607014,Danylm030,Danylm030,111,323,2094,4571
5ec97f1b45aa29c1ab607015,1_point_2,Seyigun Olofinjana,5756,951,82118,263196
5ec97f1c45aa29c1ab607016,Fnb_Yellah,Mhe_Yellah a.k.a Escobar Eddie,56,96,499,337,escobar,male,94
5ec97f1c45aa29c1ab607017,RizannaCollect2,Rizanna Collection ğŸ‡§ğŸ‡³,1,30,4,104,rizanna,female,75
5ec97f1d45aa29c1ab607018,MarkLong06,Mark Long,108,1344,112,11301,mark,male,100
5ec97f1e45aa29c1ab607019,robbie446,Rob See ğŸ¦…ğŸ‡ºğŸ‡¸,188,1706,14799,3485,robbie,male,93
5ec97f1f45aa29c1ab60701a,NdimloUnathi,â— Black Child ğŸ•ŠğŸ‡¿ğŸ‡¼ğŸ‡¿ğŸ‡¦,14047,13074,48530,40708
5ec97f1f45aa29c1ab60701b,lanza1521,Yssa Dalawa Tatlo,1,82,11,1,lanza,male,77
5ec97f2045aa29c1ab60701c,clairemontes7,claire montes,122,105,21519,23401,claire,female,98
5ec97f2145aa29c1ab60701d,sophiejuge,Sophie JugÃ©,331,287,1947,863,sophie,female,98
5ec97f2245aa29c1ab60701e,mrsharrismusic,Laura Harris,137,209,585,183,laura,female,98
5ec97f2245aa29c1ab60701f,Buzzfm897,Buzzfm89.7,1644,308,657,25909
5ec97f2345aa29c1ab607020,JallowKaddy1,Jallow Kaddy,302,3876,331,58,jallow,male,92
5ec97f2445aa29c1ab607021,ClassicFM943,Classic FM 94.3 Abuja,1310,828,1692,61436,fm,male,79
5ec97f2545aa29c1ab607022,TotalLegacyCare,Total Legacy Care,369,451,4844,1934,legacy,female,100
5ec97f2545aa29c1ab607023,FarOutToysInc,Far Out Toys Inc.,864,442,1300,689,far,male,61
5ec97f2645aa29c1ab607024,MacKidDunwoody,MacKidDunwoody,3252,3678,14197,51025
5ec97f2745aa29c1ab607025,Vitosharma13,Vito Sharma,1402,1386,1882,527,vito,male,98
5ec97f2745aa29c1ab607026,ibrahimn_999,Ø§Ù„Ø§Ø³ØªØ«Ù†Ø§Ø¦ÙŠ Ø¥Ø¨Ø±Ø§Ù‡ÙŠÙ… Ø§Ù„Ù†Ù‡Ø§Ø±ÙŠ,503,1067,7854,45619
5ec97f2845aa29c1ab607027,michalapaleo,Michala Paleo,238,252,79452,17049,michala,female,99
5ec97f2945aa29c1ab607028,whoops_c,Ngosa Whoopi Chungu,5979,736,32766,41037,ngosa,male,55
5ec97f2945aa29c1ab607029,mroliverjude,OJ,88,752,1100,674,oj,male,87
5ec97f2a45aa29c1ab60702a,kanzen_radio,Kanzen Records Radio,716,41,17,54883,kanzen,male,100
5ec97f2b45aa29c1ab60702b,CTwithrishidutt,Rishi dutt,5,5,0,52,rishi,male,99
5ec97f2b45aa29c1ab60702c,SuAlderson,Honeysuckle Cottage,734,329,22314,13623,honeysuckle,female,100
5ec97f2c45aa29c1ab60702d,shale2rc,Shanda,64,224,3647,3607,shanda,female,97
5ec97f2d45aa29c1ab60702e,MatanteJu,J,401,817,22187,20836
5ec97f2d45aa29c1ab60702f,WildlingTravels,Wildling,2218,113,1,82237
5ec97f2e45aa29c1ab607030,Arnau1041,Arnau104,4,54,274,23,arnau,male,99
5ec97f2f45aa29c1ab607031,adjetey31599715,adjetey sowah,23,40,4165,220,adjetey,male,85
5ec97f3045aa29c1ab607032,salmankhanhk,....... H. K,1375,986,49977,49986
5ec97f3045aa29c1ab607033,lauramarsh70,#AlbaLaura #DissolveTheUnionğŸ’œğŸğŸ›¡ï¸ğŸ’¯#YES #SolMoon,6513,7048,277148,292259,albalaura,female,75
5ec97f3145aa29c1ab607034,sin_niunoman,Sin_NiunoMan,360,1252,37655,48362
5ec97f3245aa29c1ab607035,unusual4tune,Unusual4tune,427,616,18053,3397
5ec97f3245aa29c1ab607036,salmankhanhk,....... H. K,1375,986,49977,49986
5ec97f3345aa29c1ab607037,lauramarsh70,#AlbaLaura #DissolveTheUnionğŸ’œğŸğŸ›¡ï¸ğŸ’¯#YES #SolMoon,6513,7048,277148,292259
5ec97f3445aa29c1ab607038,mamonaloh,Deprived of real Fem,2008,2206,20852,37401,deprived,male,75
5ec97f3545aa29c1ab607039,Eartfoto,Erotic Art Photography official,399,38,145,2748,erotic,male,76
5ec97f3645aa29c1ab60703a,CryloTheRaccoon,Crayolo,279,529,21727,11624
5ec97f3645aa29c1ab60703b,ecoeverydayorg,ecoeveryday.org,4,21,45,31,org,male,94
5ec97f3745aa29c1ab60703c,StephoLorenzo,HndrxxğŸ•,519,505,17588,10861
5ec97f3845aa29c1ab60703d,Jptechrep,Jim Payne,171,436,1363,1039,jim,male,99
5ec97f3845aa29c1ab60703e,SCee57,SusieQ ğŸ‡¨ğŸ‡¦ğŸµğŸ,1447,1583,10655,8906,scee,female,75
5ec97f3945aa29c1ab60703f,feinberg_linda,Linda Feinberg,429,239,111706,266807,linda,female,97
5ec97f3945aa29c1ab607040,_alannasantos,Alanna Santos,242,25,142,104830,alanna,female,100
5ec97f3a45aa29c1ab607041,Orion1331,Orion1911,9,70,3,116,orion,male,99
5ec97f3b45aa29c1ab607042,SSHigherEd,S&S Higher Education,231,846,614,901,higher,male,91
5ec97f3b45aa29c1ab607043,pegcb_de,[ P-E-GC-B ],192,183,1273,3939,gc,male,84
5ec97f3c45aa29c1ab607044,France24_en,FRANCE 24 English,252059,1149,527,280650,france,female,77
5ec97f3d45aa29c1ab607045,ctnonur10,10ur,22,22,34,11,ur,male,75
5ec97f3e45aa29c1ab607046,Buzzfm897,Buzzfm89.7,1644,308,657,25909
5ec97f3e45aa29c1ab607047,amaniampongjoe,amaniampongjoseph,14,120,162,78
5ec97f3f45aa29c1ab607048,idakhirul,Ida.,1291,619,7528,31742,ida,female,97
5ec97f4045aa29c1ab607049,JonathanBulman5,Jonathan Bulman,25,97,721,1093,jonathan,male,99
5ec97f4045aa29c1ab60704a,RosleyWiam,Wiam_Rosley,862,1394,5144,4450
5ec97f4145aa29c1ab60704b,belindatewson,belindatewson,20,55,32,67
5ec97f4145aa29c1ab60704c,Messigician7,Messigician,26,74,12845,8404
5ec97f4245aa29c1ab60704d,alwoga1,alwoga,1,415,5,162
5ec97f4345aa29c1ab60704e,MrBig_Bones,R I C K  B E L L A M YğŸŒğŸ‡³ğŸ‡¬,1791,1817,349,58842
5ec97f4345aa29c1ab60704f,Bennet24_LFC,Bennet 8/24 (RIP Gigi & Kobe),732,1027,44438,21434,bennet,male,96
5ec97f4445aa29c1ab607050,_Motsoaledi,Mosadinyana,167531,1028,3185,67312
5ec97f4545aa29c1ab607051,Blondie_Robert,Robert Sanchez,1,10,0,389,robert,male,99
5ec97f4645aa29c1ab607052,AsseMwamafupa,asse mwamafupa,235,104,27,1450,asse,male,78
5ec97f4745aa29c1ab607053,Q5_N_,ğŸ˜ Ø¨Ø·Ù„ Ø£ÙˆØ±ÙˆØ¨Ø§ â€ºÌµ(ÌµÌµÌ´,67,425,620,11456
5ec97f4745aa29c1ab607054,Claire_Molen,A Penny for your Thoughts?ğŸ–,1578,2050,21346,8919,penny,female,93
5ec97f4845aa29c1ab607055,thapelo4god,Makhura Thapelo,1561,1963,24649,6614,makhura,female,67
5ec97f4945aa29c1ab607056,FlyingHighTrust,Flying High Trust,2166,938,5252,4336,trust,male,100
5ec97f4945aa29c1ab607057,CarlosCarry17,Carry On!! âœŒï¸,674,1452,2416,19120,on,male,79
5ec97f4a45aa29c1ab607058,Jospmicalx,Jospmicalx,61,90,7316,8785
5ec97f4b45aa29c1ab607059,Zander014,Zander,216,560,30586,24124,zander,male,100
5ec97f4b45aa29c1ab60705a,Tumiishi,TumiÅ¡i,1316,470,4259,44954
5ec97f4c45aa29c1ab60705b,Silau25,â¤Silviaâ¤,95890,3658,102496,245859,silau,male,67
5ec97f4c45aa29c1ab60705c,ConnectSport,ConnectSport,7969,6611,9387,17713
5ec97f4d45aa29c1ab60705d,MarcoDeLa83,Marco De La Pierre,271,1110,824,689,marco,male,99
5ec97f4d45aa29c1ab60705e,MehmetO33440789,Mehmet Orhan,683,694,216896,162534,mehmeto,male,75
5ec97f4e45aa29c1ab60705f,L0V3_Ximena,pÑÎµÑ‚Ñ‚áƒ§Ñ‚Ñà¸„à¸«cÎµÅ‚ÏƒvÎµÑ,12668,7316,170302,142737
5ec97f4f45aa29c1ab607060,zaraflora,Zara Flora,6399,2596,26529,78553,zara,female,96
5ec97f4f45aa29c1ab607061,Jessica_Cabe,Jessica Cabe,602,1475,4516,2222,jessica,female,98
5ec97f5045aa29c1ab607062,TheWorldGames,The World Games,4935,331,2379,2943,theworldgames,male,75
5ec97f5145aa29c1ab607063,R99pc,Richard Anthony Piet,37685,0,0,17505,rpc,male,92
5ec97f5245aa29c1ab607064,LeCatalan237,Indomptable ğŸ‡¨ğŸ‡²,3879,758,195826,195400,indomptable,male,59
5ec97f5245aa29c1ab607065,shane_ablett,shane ablett,23,24,73,112,shane,male,93
5ec97f5345aa29c1ab607066,benzojones,BenzoJones,1967,2687,16468,30311
5ec97f5445aa29c1ab607067,AmAntiquarian,American Antiquarian Society,6183,1544,7291,9727
5ec97f5445aa29c1ab607068,gavinj75,Gavin o'flaherty,330,1131,941,1301,gavin,male,99
5ec97f5545aa29c1ab607069,GrattoDanny,Danny Gratto,458,5002,16745,14482,danny,male,94
5ec97f5645aa29c1ab60706a,Mikefrimpong,Osofo Chief,2479,584,564,66031,osofo,male,100
5ec97f5745aa29c1ab60706b,TheAdmiral,Ian,826,465,5376,21333,theadmiral,male,75
5ec97f5745aa29c1ab60706c,pont3s,pont3s,13,33,0,131
5ec97f5845aa29c1ab60706d,Daveb2017,Dave,79,223,7585,3477,daveb,male,100
5ec97f5845aa29c1ab60706e,SBarrBrisebois,SimonBarreBrisebois,1348,1981,86298,117868
5ec97f5945aa29c1ab60706f,DeKervella,Sophie Kervella de Joannis ğŸ´ó §ó ¢ó ³ó £ó ´ó ¿,268,351,55042,45867,sophie,female,98
5ec97f5a45aa29c1ab607070,MostlyAnal,Mostly Anal,491702,973,1302,388051,anal,male,66
5ec97f5a45aa29c1ab607071,weirdgenes,bipolar sunshine,35,223,342,196,bipolar,male,62
5ec97f5b45aa29c1ab607072,david_camarena_,David Camarena,164,147,2897,1204,david,male,99
5ec97f5c45aa29c1ab607073,BlueJay58523226,The Blue Jay Times,178,242,31054,18935,the,male,87
5ec97f5d45aa29c1ab607074,Thatkingsley,Idongesit Kingsley,672,609,2328,49702,idongesit,male,63
5ec97f5d45aa29c1ab607075,MattDoesFX,Matt Hart FX & Art,23,93,124,64,matt,male,100
5ec97f5e45aa29c1ab607076,DarbyDeluna,Deluna Darby,392,382,1770,359,deluna,female,92
5ec97f5f45aa29c1ab607077,uvabop2018,xxx_Swinger_Club_xxx 500K GLOBALFANS,47585,401,3346,7661
5ec97f5f45aa29c1ab607078,TourBzin,Thobela Magwaza,1125,1076,1870,10331,thobela,male,75
5ec97f6045aa29c1ab607079,ChimwemweChita2,Chimwemwe Chitambala,119,266,370,21,chimwemwe,male,63
5ec97f6145aa29c1ab60707a,mmm4withswfs,å¤©ç·šMMM,7,187,15520,10275
5ec97f6145aa29c1ab60707b,SandraLFC28,Sandra Mackenzie*,2553,4267,71785,18148,sandra,female,98
5ec97f6245aa29c1ab60707c,iam_vikta,Chidera,2043,2533,11133,35372,chidera,male,61
5ec97f6345aa29c1ab60707d,JasmineKardde35,ğŸ’•ğŸ’•Lovely ğŸ’•ğŸ’•,6414,461,38095,54982,lovely,female,100
5ec97f6445aa29c1ab60707e,FairfieldInnSC,Fairfield Columbia,68,0,0,1096,fairfield,male,63
5ec97f6545aa29c1ab60707f,patriziamiani,Patrizia Miani,10997,3895,284273,200652,patrizia,female,98
5ec97f6545aa29c1ab607080,MartinKGHI,Martin Prince,1902,947,272,1821,martin,male,98
5ec97f6645aa29c1ab607081,Apolloawakens,Hunter,157,35,962,117,hunter,male,100
5ec97f6745aa29c1ab607082,Chitti1116,Chitti Babu,7,18,38,2666,chitti,male,79
5ec97f6845aa29c1ab607083,rajasa404,MD RAJA,89,1259,1514,528,rajasa,male,100
5ec97f6945aa29c1ab607084,HoneymoonGondol,HoneymoonGondol,47369,2406,17595,866677
5ec97f6945aa29c1ab607085,kosmomireille,Kosmo,653,1325,9495,1294,kosmo,male,98
5ec97f6a45aa29c1ab607086,Co0kieBoy,Patryk Zalewski,0,50,2,46,patryk,male,99
5ec97f6a45aa29c1ab607087,BillingsOctavia,âœ¨ğŸ’—Octavia BillingsğŸ’—âœ¨,359,1652,4901,18907,octavia,female,99
5ec97f6b45aa29c1ab607088,soundlessb00m,DS,169,932,32600,5168
5ec97f6c45aa29c1ab607089,planet_miya,just here for the pizza,152780,882,21080,391925,miya,female,80
5ec97f6c45aa29c1ab60708a,ryanmarinas,Ry,743,534,26048,24874,ryan,male,84
5ec97f6d45aa29c1ab60708b,MostlyBJs,â¸¸ Douchebag â¸¸,516367,1474,2172,568219,douchebag,male,75
5ec97f6e45aa29c1ab60708c,vovomfebe,Miss.vovo,35002,36697,59254,62337,vovo,male,67
5ec97f6e45aa29c1ab60708d,SceneryLens,Scenery Through The Lens,18,45,18,47,scenery,female,75
5ec97f6f45aa29c1ab60708e,DirtyBabesPromo,ğ”»ğ•šğ•£ğ•¥ğ•ª ğ”¹ğ•’ğ•“ğ•–ğ•¤ â„™ğ•£ğ• ğ•ğ•  ğŸœğŸšğ•‚ğŸ”¥,42144,3490,14395,75346
5ec97f7045aa29c1ab60708f,LolitaResist,Lolita#Resists #TrumpsConcentrationCamps,5280,5832,198296,138961,lolita,female,97
5ec97f7045aa29c1ab607090,IfeSarumi1,Ife Sarumi (#LadyPR),642,570,2355,3252,ife,male,58
5ec97f7245aa29c1ab607091,Shotglass856,Philly PA,477,374,306,1227,shotglass,male,75
5ec97f7245aa29c1ab607092,BarbaraTiola,BÃ¡rbara Tiola,3,7,0,44,tiola,female,100
5ec97f7345aa29c1ab607093,Brandin99805547,Brandina,18,105,38,19,brandin,male,95
5ec97f7445aa29c1ab607094,Deidre_L,Deidre Linden,460,842,16318,17383,deidre,female,100
5ec97f7445aa29c1ab607095,Haydenfd7,Hayden,3,48,9,20,hayden,male,98
5ec97f7545aa29c1ab607096,vidan_taki,Vidan Taki,2944,5002,127199,134203,vidan,male,83
5ec97f7645aa29c1ab607097,Dida_ti,Dida,7844,4689,217830,159904,dida,female,65
5ec97f7645aa29c1ab607098,LivingCozy,Living Cozy ğŸ‘¼ğŸ’—ğŸ¡ğŸ’—ğŸ‘¼,2038,2703,52792,28145,cozy,male,68
5ec97f7745aa29c1ab607099,samloveEJF,Teamprerna,35,80,2849,3343
5ec97f7845aa29c1ab60709a,NetwaysCloud,NETWAYS Web Services,280,129,304,588,web,male,85
5ec97f7945aa29c1ab60709b,gi_nasti,NastiGi,5245,4784,3895,4236
5ec97f7945aa29c1ab60709c,mikecash100,Mike Cash,531,4564,87927,,mike,male,99
5ec97f7a45aa29c1ab60709d,marielewis1975,Marie Lewis,747,529,4004,3106,marie,female,97
5ec97f7b45aa29c1ab60709e,ethereal_hk,Anna_,216,100,6258,5545,anna_,female,75
5ec97f7b45aa29c1ab60709f,kpetrovic340_,Kristina  â™¡,26149,25058,136706,123697,kristina,female,98
5ec97f7c45aa29c1ab6070a0,irishinbritain,Irish in Britain,16401,2228,3844,9276,irish,female,100
5ec97f7c45aa29c1ab6070a1,Dida_ti,Dida,7844,4689,217830,159904,dida,female,65
5ec97f7d45aa29c1ab6070a2,akangakiba,AKANG ğŸ‡³ğŸ‡¬,286,206,4821,4251,akang,male,98
5ec97f7e45aa29c1ab6070a3,LivingCozy,Living Cozy ğŸ‘¼ğŸ’—ğŸ¡ğŸ’—ğŸ‘¼,2038,2703,52792,28145,cozy,male,68
5ec97f7f45aa29c1ab6070a4,WarriorCams,Cams-Warrior,63,11,20,39,cam,male,69
5ec97f7f45aa29c1ab6070a5,DinaRybeiro,ğŸ¯Dina RibeiroğŸ±,3059,1382,30821,32749,dina,female,96
5ec97f8045aa29c1ab6070a6,cawilsonaz,Claudie Wilson,587,253,90974,10780,claudie,female,97
5ec97f8145aa29c1ab6070a7,Pauliestabo,Paulie Stableford,29,366,668,307,paulie,male,81
5ec97f8345aa29c1ab6070a8,susanaquiere,susana,51,1621,611,3072,susana,female,99
5ec97f8345aa29c1ab6070a9,CTwithrishidutt,Rishi dutt,5,5,0,52,rishi,male,99
5ec97f8445aa29c1ab6070aa,ballycommon,Ballycommon Training Centre,80,292,263,473,centre,male,87
5ec97f8545aa29c1ab6070ab,guccxilhoon,aira ğŸ¶ ; #ZOMBIE,4441,678,96848,87071,aira,female,93
5ec97f8545aa29c1ab6070ac,KaranDude7,That kinky man.,244,601,25519,3829,kinky,male,57
5ec97f8645aa29c1ab6070ad,OLEW_Solarables,Sâ˜€LARIUMâ„¢,65,111,15865,6780,larium,male,75
5ec97f8645aa29c1ab6070ae,HombreMontana,ELğŸ‘HOMBRE #MONTAÃ‘A,5242,3795,90389,91503,el,male,87
5ec97f8745aa29c1ab6070af,abubakrpatel08,Abu-Baker,286,980,7810,2419,abu,male,98
5ec97f8845aa29c1ab6070b0,rogerkeith1,Roger Keith Walsh ğŸ”¶ğŸ•·ï¸,200,255,33955,25580,roger,male,99
5ec97f8845aa29c1ab6070b1,klinklone,ğŸ‘„SirenQueenğŸ‘‘,377,150,7569,288,queen,female,90
5ec97f8945aa29c1ab6070b2,shane_ablett,shane ablett,23,24,73,112,shane,male,93
5ec97f8a45aa29c1ab6070b3,BrickzMusic,Bankster Brickz,1236,1095,31973,104865,bankster,male,100
5ec97f8a45aa29c1ab6070b4,_Bleam,Bleam,2498,4809,39451,88261,bleam,male,75
5ec97f8b45aa29c1ab6070b5,jermainee7,TheArtHstlr.,2658,2452,11197,35637
5ec97f8c45aa29c1ab6070b6,suffolkchamber,Suffolk Chamber,13490,5788,4544,11475,suffolk,male,58
5ec97f8c45aa29c1ab6070b7,GGiggias,Gifts By Giggias,2,2,4,326,gift,female,100
5ec97f8d45aa29c1ab6070b8,roj20200,S A Roj,98,139,65752,3498,roj,male,84
5ec97f8d45aa29c1ab6070b9,iheanyi810,s Draco,56,3479,25,502,iheanyi,male,99
5ec97f8e45aa29c1ab6070ba,HPFco1,HandPicked Fire Co.ğŸ”¥,22,54,88,87,handpicked,female,75
5ec97f8e45aa29c1ab6070bb,abdulaziii,ALREBIA  ABDULAZIZ,190,121,1443,10653,abdulaziz,male,99
5ec97f8f45aa29c1ab6070bc,1TayVo1,1TayVo,21,165,228,109
5ec97f9045aa29c1ab6070bd,EliteAngele,ğŸ¦‹ğ“”ğ“µğ“²ğ“½ğ“® ğ“ğ“·ğ“°ğ“®ğ“µğ“® ğŸ¦‹,500475,47,179,14901
5ec97f9145aa29c1ab6070be,DonohueHazel,Hazel Donohue,20,99,308,53,hazel,female,99
5ec97f9145aa29c1ab6070bf,ariefkuyang,Arief K.,447,601,117,36194,arief,male,99
5ec97f9245aa29c1ab6070c0,Lukez99,Luke,0,70,2,29,lukez,male,100
5ec97f9345aa29c1ab6070c1,eventsnuuz,Events Nuuz,1081,962,344,3277
5ec97f9345aa29c1ab6070c2,trouble_5000,hotblacknwhitepics,229251,424,82408,113543
5ec97f9445aa29c1ab6070c3,mandeeppenmetsa,manupenmatsa,5,340,1673,2834
5ec97f9445aa29c1ab6070c4,NickProcter,Nick Procter,644,181,192,3706,nick,male,98
5ec97f9545aa29c1ab6070c5,SnrCreative,SNR Creative,150,35,5070,465,snr,male,91
5ec97f9645aa29c1ab6070c6,NecmiGuclu54,â™¥ï¸Necmi54â™¥ï¸,1594,71,18750,41284,necmi,male,97
5ec97f9645aa29c1ab6070c7,LandoUpdates,Lando Norris Updates,3447,21,7647,6608,lando,male,95
5ec97f9745aa29c1ab6070c8,Kadekeye,Kadekeye,1414,1458,1271,19386
5ec97f9845aa29c1ab6070c9,OllyWilliams89,Olly Williams,72,432,127,623,olly,male,79
5ec97f9945aa29c1ab6070ca,potparallel,People Of The Parallel ğŸ’¯ğŸ’¡ğŸ¹ğŸ¶ğŸ€LGTWO,7070,7045,43590,48147,of,male,80
5ec97f9945aa29c1ab6070cb,fares5569,fares5569,55,680,2929,3005,fares,male,80
5ec97f9a45aa29c1ab6070cc,Wksrdavies,Mrs R Davies,230,322,1475,1118,mr,male,98
5ec97f9b45aa29c1ab6070cd,SmellTheTuna,Need more feesh ğŸ£,13034,37,36,32675,feesh,male,75
5ec97f9b45aa29c1ab6070ce,RThornhill7,R Thornhill,40,797,117,3332,thornhill,male,100
5ec97f9c45aa29c1ab6070cf,Ali68391784,007,78,1770,532,1005,ali,male,94
5ec97f9e45aa29c1ab6070d0,jshomby,John Shomby,1629,1693,431,1074,john,male,99
5ec97f9f45aa29c1ab6070d1,PPAI_IRL,PPAI,3592,623,2418,3922,ppai,male,75
5ec97f9f45aa29c1ab6070d2,1836Kate,Kate Halm,207,298,21309,3900,kate,female,98
5ec97fa045aa29c1ab6070d3,dabifezileANCYL,Fezile Dabi Region,535,1740,5033,1397,fezile,male,60
5ec97fa145aa29c1ab6070d4,AdekoyaAdepeju1,Moriam 1000501255 VFD ACC,1332,2207,31494,27859,moriam,female,89
5ec97fa345aa29c1ab6070d5,NastyGirlies,â˜‡Nasty Girlsâ˜‡,42775,670,1388,234285,girl,female,100
5ec97fa445aa29c1ab6070d6,MikeGibbons8,Michael Gibbons,181,420,7932,1629,michael,male,99
5ec97fa545aa29c1ab6070d7,ji_hump,Dr Julie Humphreys,976,945,12816,3505,dr,male,91
5ec97fa645aa29c1ab6070d8,AdekoyaAdepeju1,Moriam 1000501255 VFD ACC,1333,2207,31494,27859,moriam,female,89
5ec97fa645aa29c1ab6070d9,DArtagnanArbuah,dartagnanmusic,163,341,230,546,dhfm,male,75
5ec97fa745aa29c1ab6070da,TowsBeforeHoes,towsbeforehoes,23763,532,3359,165126
5ec97fa845aa29c1ab6070db,UrstrulyBobby2,DHFM,133,479,3616,3364
5ec97fa845aa29c1ab6070dc,jsjsjp1,ì¢€ë¹„ â†º,2,206,23,2090
5ec97fa945aa29c1ab6070dd,Martez86039222,Martez,0,0,0,1,martez,male,100
5ec97faa45aa29c1ab6070de,Msnisi09,Denise,14,101,80,27,denise,female,98
5ec97faa45aa29c1ab6070df,brandinnovatebi,Brand Innovation,1199,743,133,471,brand,male,100
5ec97fab45aa29c1ab6070e0,AdewumiGokeDSJ,DSJ,1071,313,184,187117,dsj,male,73
5ec97fab45aa29c1ab6070e1,dabifezileANCYL,Fezile Dabi Region,535,1740,5033,1397,fezile,male,60
5ec97fac45aa29c1ab6070e2,DiegoGarde_9,ÄGğŸ”Ÿ,1169,703,398,4221
5ec97fad45aa29c1ab6070e3,REALaltMiddle,Chvrches Are Esssential Taxable Businesses,66,432,3326,4700,are,male,76
5ec97fad45aa29c1ab6070e4,AsyaSoydanLive,Asya,7,134,257,329,asya,female,96
5ec97fae45aa29c1ab6070e5,GrowWithGrin,Grin,3960,451,2854,2191
5ec97faf45aa29c1ab6070e6,RRoastedChicken,Roasted is nice,4588,79,647,35229,roasted,male,75
5ec97faf45aa29c1ab6070e7,LarryFarlow,Larry Farlow,1475,930,29254,28841,larry,male,98
5ec97fb045aa29c1ab6070e8,Tirreno1971,Eyetie,10,22,429,213,tirreno,male,100
5ec97fb145aa29c1ab6070e9,henrisoul,SoftBoss,5324,845,8668,20621,softboss,male,75
5ec97fb145aa29c1ab6070ea,Eyrniel,happy elf eryniel,1021,407,34155,7877,happy,female,100
5ec97fb245aa29c1ab6070eb,FabricioSaez3,F A B R I Z I N H O,33,521,10881,958
5ec97fb345aa29c1ab6070ec,ClassicFM943,Classic FM 94.3 Abuja,1310,828,1692,61436,fm,male,79
5ec97fb345aa29c1ab6070ed,NahidulATM,nahidul - destiny is all,926,622,55415,62649,nahidul,male,100
5ec97fb445aa29c1ab6070ee,LaurenDodge12,Steelymagnoles,3426,4962,99147,32415
5ec97fb545aa29c1ab6070ef,LGTWOLinkDrop,LGTWO .Drop Your Artists Profile In Our Pin Tweet.,2443,2560,25615,27841,in,male,55
5ec97fb545aa29c1ab6070f0,iamcyrux01,VIBE OUT NOW ğŸ‡³ğŸ‡¬ğŸ‡ºğŸ‡¸,743,610,739,31408,vibe,male,62
5ec97fb645aa29c1ab6070f1,zabaletaoz,oscar zabaleta,994,2168,1950,43589,oscar,male,99
5ec97fb645aa29c1ab6070f2,JoKingDevon,Jo King,6644,1828,40742,33730,jo,male,60
5ec97fb745aa29c1ab6070f3,Peterasd015,Peterasd,8,97,18614,2816
5ec97fb845aa29c1ab6070f4,tarunanand0817,Tarun AnandğŸ˜·,89,738,17931,3148,tarunanand,male,75
5ec97fb845aa29c1ab6070f5,davidwalsh247,David Walsh,1058,374,3969,2800,david,male,99
5ec97fb945aa29c1ab6070f6,ABUSDEEM123,Bander,627,635,8060,14847,bander,male,97
5ec97fba45aa29c1ab6070f7,Netways,NETWAYS,2263,1022,7800,16083
5ec97fba45aa29c1ab6070f8,dabifezileANCYL,Fezile Dabi Region,535,1740,5033,1397,fezile,male,60
5ec97fbb45aa29c1ab6070f9,0604Arb1320,Lady Arbroathbot1320 stay 6 ft back ğŸ´ó §ó ¢ó ³ó £ó ´ó ¿,6675,4333,159265,334030,arb,male,84
5ec97fbc45aa29c1ab6070fa,knsbako99,ğŸ’£KnightmareğŸ¦…,1027,738,915,39069,knightmare,male,100
5ec97fbd45aa29c1ab6070fb,iCantPickaNameJ,ï½‰ï¼£ï½ï½ï½”ï¼°ï½‰ï½ƒï½‹ï½ï¼®ï½ï½ï½…ï¼ª,128,127,1203,3620
5ec97fbe45aa29c1ab6070fc,noticucuta,Noti CÃºcuta,138774,829,4329,338906,noti,male,81
5ec97fbf45aa29c1ab6070fd,materahub,materahub,2193,1107,4242,3290
5ec97fbf45aa29c1ab6070fe,AmplifyAfrica_,Amplify Africa Inc.,332,755,231,630,amplify,male,100
5ec97fc045aa29c1ab6070ff,Sarah_H115,Sarah Hill,420,973,7567,77837,sarah,female,98
5ec97fc045aa29c1ab607100,mj_963,ï®¼Ù…Ø§Ø¬Ø¯,1212,41,1184,31584,mj_,male,75
5ec97fc145aa29c1ab607101,olamide035,COKEBOYğŸ˜,2550,2292,65701,5366,olamide,male,71
5ec97fc245aa29c1ab607102,dabifezileANCYL,Fezile Dabi Region,535,1740,5033,1397,fezile,male,60
5ec97fc245aa29c1ab607103,LSUOnline,LSU Online,989,849,1090,1531,lsu,male,70
5ec97fc345aa29c1ab607104,KatDaddyLaw,ğŸ‘‘Precious EllağŸ‘‘,16495,11267,107998,110506,precious,female,100
5ec97fc445aa29c1ab607105,dabifezileANCYL,Fezile Dabi Region,535,1740,5033,1397,fezile,male,60
5ec97fc445aa29c1ab607106,TurawaIbrahim,e-ro,846,707,12827,9553,ro,male,53
5ec97fc545aa29c1ab607107,21cmediagroup,21C Media Group,3500,570,1229,3462
5ec97fc545aa29c1ab607108,paulsherphoto,Paul Sherwood,2148,3242,4030,6368,paul,male,99
5ec97fc645aa29c1ab607109,quevobeats,Jose Caraballo,193,47,314,949,jose,male,97
5ec97fc745aa29c1ab60710a,RickyWarner17,Ricky Warner,0,5,2,2,ricky,male,98
5ec97fc845aa29c1ab60710b,ScanMyPhotos,ScanMyPhotos.comÂ® ğŸ˜·STAY HEALTHY,11281,12409,54091,212405,com,male,79
5ec97fc845aa29c1ab60710c,SouravA98610690,Sourav Agarwal,1,80,93,56,sourava,male,100
5ec97fc945aa29c1ab60710d,snshindol,SNSINGHDEO,641,331,16428,4468
5ec97fca45aa29c1ab60710e,VodkaSurprises,CoffeeFirst,149,249,5759,9920
5ec97fca45aa29c1ab60710f,olani_taiye,taiye olani,123,259,22,33,taiye,male,78
5ec97fcb45aa29c1ab607110,AlexandreTOP6,AlexandreTOP6,6,160,120,49
5ec97fcb45aa29c1ab607111,RobynLees12,robyn,179,401,654,1335,robyn,female,94
5ec97fcc45aa29c1ab607112,Gilliespy2,Gilliespy,22,149,418,942
5ec97fcd45aa29c1ab607113,iam_Galib,ÄÃƒÄ½ÃB,321,346,12478,105881
5ec97fcd45aa29c1ab607114,hoan24603423,hoan,0,14,2,6,hoan,male,74
5ec97fce45aa29c1ab607115,EricaJong,Erica Jong,44975,32488,61898,90576,erica,female,98
5ec97fce45aa29c1ab607116,WanShoddy,Godfred Arthur,1998,1032,66515,41071,godfred,male,98
5ec97fcf45aa29c1ab607117,KcBell,Kimberly Bellamy,42,90,102,48,kimberly,female,98
5ec97fd045aa29c1ab607118,H_E_Trust,Horncastle Education Trust,85,94,104,103,trust,male,100
5ec97fd045aa29c1ab607119,CsuzdiG,GÃ¡bor Csuzdi,655,5001,63796,35208
5ec97fd245aa29c1ab60711a,IrishgolfT,irishgolfLinksTours,287,729,9940,8073
5ec97fd245aa29c1ab60711b,SwissBulgaria,Swiss Embassy in Bulgaria,677,347,2719,1204,swiss,male,81
5ec97fd345aa29c1ab60711c,MatanteJu,J,401,817,22187,20836
5ec97fd345aa29c1ab60711d,snshindol,SNSINGHDEO,641,331,16428,4468
5ec97fd445aa29c1ab60711e,PJJJSage,PJ,188,85,16075,19686,pj,male,82
5ec97fd545aa29c1ab60711f,ste_brown19,Ste Brown,63,242,3303,213,ste,male,84
5ec97fd545aa29c1ab607120,ritchey_jr,wayne Ritchey JR,23,22,31,613,wayne,male,99
5ec97fd645aa29c1ab607121,Khalifa_minno,El_nino,395,274,9638,3306
5ec97fd645aa29c1ab607122,Jadyn66,Alejandro,52,126,23164,3991,jadyn,male,97
5ec97fd745aa29c1ab607123,JFKEW,J-F Burford,482,613,67,4258,burford,male,67
5ec97fd845aa29c1ab607124,eli__097,âšœï¸ğ”ˆğ”©ğ”¦ğ”£ âšœï¸,35067,28012,119969,173053
5ec97fd845aa29c1ab607125,CasesCovid19,CasesCovid19,3,0,0,13312
5ec97fd945aa29c1ab607126,EmpireRenowned,Renowned Empire,1467,1710,11,876
5ec97fd945aa29c1ab607127,kumudranjan048,Kumud Ranjan Chaurasia,359,828,268,267,kumud,male,58
5ec97fda45aa29c1ab607128,MarvinZ12,VinMarDoce â™Œ â„¢ ğŸ…°ğŸ˜,198,858,14008,5046,marvinz,male,75
5ec97fdb45aa29c1ab607129,RamphulRaj,Raj Ramphul,224,227,67636,18937,raj,male,98
5ec97fdb45aa29c1ab60712a,DushSyurga1,Dush@Syurga,17,53,781,516,dush,male,81
5ec97fdc45aa29c1ab60712b,HotelBellingham,Holiday Inn Express,447,644,5,953,holiday,female,100
5ec97fdc45aa29c1ab60712c,kanzen_radio,Kanzen Records Radio,716,41,17,54883,kanzen,male,100
5ec97fdd45aa29c1ab60712d,jinchu40,alfonso martinez,97,415,1227,2691,jinchu,female,100
5ec97fde45aa29c1ab60712e,HiexSeaside,HIEX Seaside,63,113,15,960,hiex,male,75
5ec97fde45aa29c1ab60712f,dghowery,Darryl Howery,1624,1657,3902,18144,darryl,male,99
5ec97fdf45aa29c1ab607130,MountLoretto,Mount Loretto,37,0,0,125,loretto,female,86
5ec97fdf45aa29c1ab607131,Tragedy_Academy,The Tragedy Academy Podcast,410,659,1341,3620,the,male,87
5ec97fe045aa29c1ab607132,MerkurMasters,Merkur Masters ğŸŒ | #WirBleibenDrin,3288,129,1326,710,merkur,male,86
5ec97fe145aa29c1ab607133,SRPAmericas,SimplyReliablePower,1618,4657,1367,5384
5ec97fe145aa29c1ab607134,CareDotCom,Care.com,28491,7464,1773,23144,com,male,79
5ec97fe245aa29c1ab607135,HindolPalace,Hindol Palace,297,272,3799,2621,hindol,male,100
5ec97fe245aa29c1ab607136,Khya_Gott,Khya Gott,70,97,242,436,khya,female,87
5ec97fe345aa29c1ab607137,iamarfat7,@ARFAT@,2486,2747,45540,44324,arfat,male,97
5ec97fe445aa29c1ab607138,NinjaNickiM,Queen Sleeze ğŸ¦„ğŸ”¥,565,542,8649,9765,queen,female,100
5ec97fe545aa29c1ab607139,NinjaNickiM,Queen Sleeze ğŸ¦„ğŸ”¥,565,542,8649,9765,queen,female,100
5ec97fe645aa29c1ab60713a,247work,Tiana,1477,4666,7298,69727,tiana,female,98
5ec97fe645aa29c1ab60713b,HelmsleyCabs,Helmsley Black Cabs,208,291,6947,4821,helmsley,male,75
5ec97fe745aa29c1ab60713c,movie_drone,ğŸ¬ MovieDronepodcast ğŸ¬,3771,4667,9701,7015
5ec97fe745aa29c1ab60713d,AriefZain44,Ø¹Ø±ÙŠÙ,156,273,520,7056,ariefzain,male,75
5ec97fe845aa29c1ab60713e,foodmady,Foodmady,29,32,42,336
5ec97fe945aa29c1ab60713f,redpool7,Russell Brown,14,50,2336,1189,redpool,male,75
5ec97fe945aa29c1ab607140,MissTopics99,Matilda23,58,679,987,735,matilda,female,99
5ec97fea45aa29c1ab607141,hasapoolinc,HASA Pool Inc.,16,9,4,78,hasa,male,85
5ec97feb45aa29c1ab607142,G3MM420,gem ğŸ’,710,667,10411,9969,gmm,male,63
5ec97feb45aa29c1ab607143,dimbo_6,Khairuddin Nasty,32,67,124,23,khairuddin,male,99
5ec97fec45aa29c1ab607144,PraveenGJ019,Praveen Kumar,18,74,4410,223,praveen,male,100
5ec97fed45aa29c1ab607145,RamphulRaj,Raj Ramphul,224,227,67636,18937,raj,male,98
5ec97fed45aa29c1ab607146,OurJamnagar,Our Jamnagar ğŸ˜·,76,40,203,115,our,male,78
5ec97fee45aa29c1ab607147,angels_gp,Angela (Angel's Guilty Pleasures),2403,392,31657,142662,angela,female,98
5ec97fef45aa29c1ab607148,eli__097,âšœï¸ğ”ˆğ”©ğ”¦ğ”£ âšœï¸,35067,28012,119969,173053,eli,female,90
5ec97fef45aa29c1ab607149,kwest_creature,kwest_creature,19,144,32,16
5ec97ff045aa29c1ab60714a,Liverbird4Eva,Ruth Brooks,898,2020,25149,30742,ruth,female,98
5ec97ff145aa29c1ab60714b,knsbako99,ğŸ’£KnightmareğŸ¦…,1027,738,915,39069,knightmare,male,100
5ec97ff145aa29c1ab60714c,kurukusi_juma,Eric Juma Kurukusi,49,132,1130,382,eric,male,99
5ec97ff245aa29c1ab60714d,VolleyballAB,Volleyball Alberta,2220,377,11462,7778,volleyball,female,75
5ec97ff345aa29c1ab60714e,CosoroRadio,Cosoro Radio UK,65662,45145,202370,471020,uk,male,84
5ec97ff445aa29c1ab60714f,CamWineAcademy,Cam Wine Academy,581,1039,164,854,cam,male,69
5ec97ff445aa29c1ab607150,ChimeziriColli1,Chimeziri Collins,10,32,973,983,chimeziri,male,75
5ec97ff545aa29c1ab607151,katestourbridge,katestourbridge,14,48,364,229,kate,female,90
5ec97ff645aa29c1ab607152,Ritchiesbluese1,Ritchies PlatBlue,54,184,68,437,richie,male,80
5ec97ff645aa29c1ab607153,moodologist,MooD-ologist,872,104,170,30400
5ec97ff745aa29c1ab607154,AdrianoNunez5,Adriano Nunes 7,79,2643,559,172,adriano,male,99
5ec97ff845aa29c1ab607155,Clyde_Crasto,Clyde Crasto,5213,130,22607,5798,clyde,male,99
5ec97ff945aa29c1ab607156,LitJrzyGrl,Amelia R,797,598,33249,36899,amelia,female,98
5ec97ff945aa29c1ab607157,bethany_roddy17,VanLife Boi ğŸ³ï¸â€ğŸŒˆğŸ”¥â™‰â˜€ï¸â™ğŸŒ™â™â¬†ï¸,59,153,16143,9180,vanlife,male,75
5ec97ffa45aa29c1ab607158,alfonslopeztena,Alfons LÃ³pez Tena,166529,16745,10441,151937,alfons,male,96
5ec97ffb45aa29c1ab607159,abdulkadirisa,Isa |,1069,433,1452,36532,isa,female,59
5ec97ffb45aa29c1ab60715a,keemo20499096,keemo,130,431,14357,15798,keemo,male,94
5ec97ffc45aa29c1ab60715b,stream_uniteRT,Streamers Community Unite,2460,193,33571,35138,streamer,male,80
5ec97ffd45aa29c1ab60715c,mustproteam,Must,223,1,61,1223
5ec97ffd45aa29c1ab60715d,ChangeCarbon,Carbon & Climate Change Matters,58,517,136,601,carbon,male,100
5ec97ffe45aa29c1ab60715e,MDMOSHI39175772,Graphic Designer,94,1413,3,1019,graphic,male,91
5ec97fff45aa29c1ab60715f,Aleia08030627,Alei,1629,213,36097,37121,aleia,female,98
5ec97fff45aa29c1ab607160,candy_eff,Candy Eff,220,61,1108,1365,candy,female,100
5ec9800045aa29c1ab607161,pocs80,Jutta Streicher,2025,998,316686,327922,pocs,male,75
5ec9800145aa29c1ab607162,connectalot,Sir Connectalot ğŸ‘‰ ÊŸÉ¢á´›á´¡á´ ğŸ‘ˆ,4390,4536,35514,37788,sir,male,97
5ec9800245aa29c1ab607163,critiquederien,Tony Robert Cochran,1018,2987,80444,13951,tony,male,99
5ec9800345aa29c1ab607164,Manama_Istanbul,Manama_Istanbul,345,588,847,3833,manama,female,70
5ec9800345aa29c1ab607165,JenniferDsilva6,Jesus Christ is the saviour of the world. â¤,1523,71,4658,16780,jesus,male,98
5ec9800445aa29c1ab607166,kblacey,Kay Lacey,1035,910,10849,12519,kay,female,54
5ec9800545aa29c1ab607167,USAtomodachi,USAtomodachiâ˜†HACHIKO,1417,5001,113186,36907,hachiko,female,75
5ec9800645aa29c1ab607168,Ashan_de_Silva,Ashan de Silva,1191,496,1878,34452,ashan,male,98
5ec9800645aa29c1ab607169,critiquederien,Tony Robert Cochran,1018,2987,80444,13951,tony,male,99
5ec9800745aa29c1ab60716a,marty713,Marty713 ğŸ‡ºğŸ‡² ğŸŒŸğŸŒŸğŸŒŸğŸ‘Š,14946,15233,423903,625218,marty,male,67
5ec9800845aa29c1ab60716b,bearimycorbyn,Whitney Graham (Mayor of Cantown),51,89,197,163,whitney,female,95
5ec9800945aa29c1ab60716c,jimmyauw,Jimmy Auw,234,59,1,1698,jimmy,male,98
5ec9800945aa29c1ab60716d,genesi999,genesi999,983,4986,6227,56874,genesi,female,74
5ec9800a45aa29c1ab60716e,NenadVasic16,Nenad Vasic,7246,6706,63361,151004,nenad,male,99
5ec9800b45aa29c1ab60716f,gstuebi,RosieG,1163,3232,154457,31817,rosie,female,100
5ec9800c45aa29c1ab607170,The1stKam,Aziz wshğŸ¦,785,781,3218,34425,aziz,male,97
5ec9800c45aa29c1ab607171,cypher_nicole,Nicole Cypher,154,132,4,24,nicole,female,98
5ec9800d45aa29c1ab607172,Thom_Cee,Thomas Chretien,114,205,544,120,thomas,male,99
5ec9800e45aa29c1ab607173,Rouqui2,RouquiÃ© Georges,12068,7355,150869,301312,george,male,99
5ec9800f45aa29c1ab607174,asturkmani,Abdel Wahab Turkmani,483,2268,4953,1430,abdel,male,98
5ec9800f45aa29c1ab607175,ktcraids,Aranina,26,81,77,891,aranina,female,75
5ec9801045aa29c1ab607176,NST_Online,New Straits Times,712130,410,837,217501,new,male,71
5ec9801145aa29c1ab607177,FotosGab,Russell Scottâ­,22618,21360,8951,9436,russell,male,99
5ec9801145aa29c1ab607178,GaloBroda5,Galo ğŸ‘ŸğŸ®,144,395,61899,38756,galo,male,97
5ec9801245aa29c1ab607179,ArrestAnon,ArrestAnon ğŸ‡,1323,1275,14979,13779,anon,male,80
5ec9801245aa29c1ab60717a,patryvjzm,patty,615,416,43778,127193,patty,female,96
5ec9801345aa29c1ab60717b,scienceirel,SFI,85047,681,18051,14739,sfi,male,68
5ec9801445aa29c1ab60717c,tmhensley1,âœ¨ğŸŒºğŸ’«Teresa HensleyğŸ’™ğŸ‡ºğŸ‡¸âœ¨,8237,8977,129159,90783,teresa,female,98
5ec9801545aa29c1ab60717d,CrimeStoppersWI,Crime Stoppers,72,230,6,969,stopper,male,92
